1.4781951904296875e-05,487,0,0,0,0,0,0.0,0.0,0.0,0.0
3.0994415283203125e-06,330,0,0,0,0,0,0.0,0.0,0.0,0.0
0.015851974487304688,501,0,0,0,0,0,0.0,0.0,0.0,0.0
1.6927719116210938e-05,487,0,0,0,0,0,0.0,0.0,0.0,0.0
0.0010712146759033203,330,0,0,0,0,0,0.0,0.0,0.0,0.0
0.013739824295043945,501,0,0,0,0,0,0.0,0.0,0.0,0.0
1.71661376953125e-05,487,0,0,0,0,0,0.0,0.0,0.0,0.0
0.0010559558868408203,330,0,0,0,0,0,0.0,0.0,0.0,0.0
0.016869068145751953,501,0,0,0,0,0,0.0,0.0,0.0,0.0
1.9788742065429688e-05,487,0,0,0,0,0,0.0,0.0,0.0,0.0
2.1457672119140625e-06,330,0,0,0,0,0,0.0,0.0,0.0,0.0
0.014770030975341797,501,0,0,0,0,0,0.0,0.0,0.0,0.0
1.5974044799804688e-05,487,0,0,0,0,0,0.0,0.0,0.0,0.0
1.9073486328125e-06,330,0,0,0,0,0,0.0,0.0,0.0,0.0
0.01687908172607422,501,0,0,0,0,0,0.0,0.0,0.0,0.0
1.5020370483398438e-05,487,0,0,0,0,0,0.0,0.0,0.0,0.0
1.9073486328125e-06,330,0,0,0,0,0,0.0,0.0,0.0,0.0
0.0157930850982666,501,0,0,0,0,0,0.0,0.0,0.0,0.0
1.3828277587890625e-05,487,0,0,0,0,0,0.0,0.0,0.0,0.0
3.0994415283203125e-06,330,0,0,0,0,0,0.0,0.0,0.0,0.0
0.015816926956176758,501,0,0,0,0,0,0.0,0.0,0.0,0.0
1.2159347534179688e-05,487,0,0,0,0,0,0.0,0.0,0.0,0.0
0.0010559558868408203,330,0,0,0,0,0,0.0,0.0,0.0,0.0
0.01582193374633789,501,0,0,0,0,0,0.0,0.0,0.0,0.0
1.3113021850585938e-05,487,0,0,0,0,0,0.0,0.0,0.0,0.0
1.9073486328125e-06,330,0,0,0,0,0,0.0,0.0,0.0,0.0
0.014776945114135742,501,0,0,0,0,0,0.0,0.0,0.0,0.0
1.3113021850585938e-05,487,0,0,0,0,0,0.0,0.0,0.0,0.0
1.9073486328125e-06,330,0,0,0,0,0,0.0,0.0,0.0,0.0
0.019050121307373047,501,0,0,0,0,0,0.0,0.0,0.0,0.0
3.0994415283203125e-05,487,0,0,0,0,0,0.0,0.0,0.0,0.0
6.9141387939453125e-06,330,0,0,0,0,0,0.0,0.0,0.0,0.0
0.01373291015625,501,0,0,0,0,0,0.0,0.0,0.0,0.0
0.0021250247955322266,487,0,0,0,0,0,0.0,0.0,0.0,0.0
8.106231689453125e-06,330,0,0,0,0,0,0.0,0.0,0.0,0.0
0.014803886413574219,501,0,0,0,0,0,0.0,0.0,0.0,0.0
1.621246337890625e-05,487,0,0,0,0,0,0.0,0.0,0.0,0.0
2.86102294921875e-06,330,0,0,0,0,0,0.0,0.0,0.0,0.0
0.01690196990966797,501,0,0,0,0,0,0.0,0.0,0.0,0.0
1.71661376953125e-05,487,0,0,0,0,0,0.0,0.0,0.0,0.0
1.9073486328125e-06,330,0,0,0,0,0,0.0,0.0,0.0,0.0
0.01371908187866211,501,0,0,0,0,0,0.0,0.0,0.0,0.0
1.3828277587890625e-05,487,0,0,0,0,0,0.0,0.0,0.0,0.0
3.0994415283203125e-06,330,0,0,0,0,0,0.0,0.0,0.0,0.0
0.017932891845703125,501,0,0,0,0,0,0.0,0.0,0.0,0.0
1.3113021850585938e-05,487,0,0,0,0,0,0.0,0.0,0.0,0.0
1.9073486328125e-06,330,0,0,0,0,0,0.0,0.0,0.0,0.0
0.013725042343139648,501,0,0,0,0,0,0.0,0.0,0.0,0.0
1.0967254638671875e-05,487,0,0,0,0,0,0.0,0.0,0.0,0.0
0.0031599998474121094,330,0,0,0,0,0,0.0,0.0,0.0,0.0
0.013786077499389648,501,0,0,0,0,0,0.0,0.0,0.0,0.0
1.5020370483398438e-05,487,0,0,0,0,0,0.0,0.0,0.0,0.0
1.9073486328125e-06,330,0,0,0,0,0,0.0,0.0,0.0,0.0
0.017982006072998047,501,0,0,0,0,0,0.0,0.0,0.0,0.0
1.5020370483398438e-05,487,0,0,0,0,0,0.0,0.0,0.0,0.0
3.0994415283203125e-06,330,0,0,0,0,0,0.0,0.0,0.0,0.0
0.013772964477539062,501,0,0,0,0,0,0.0,0.0,0.0,0.0
3.0994415283203125e-05,487,0,0,0,0,0,0.0,0.0,0.0,0.0
1.9073486328125e-06,330,0,0,0,0,0,0.0,0.0,0.0,0.0
0.018002986907958984,501,0,0,0,0,0,0.0,0.0,0.0,0.0
3.1948089599609375e-05,487,0,0,0,0,0,0.0,0.0,0.0,0.0
9.059906005859375e-06,330,0,0,0,0,0,0.0,0.0,0.0,0.0
0.013749122619628906,501,0,0,0,0,0,0.0,0.0,0.0,0.0
2.7894973754882812e-05,487,0,0,0,0,0,0.0,0.0,0.0,0.0
5.0067901611328125e-06,330,0,0,0,0,0,0.0,0.0,0.0,0.0
0.018049001693725586,501,0,0,0,0,0,0.0,0.0,0.0,0.0
5.602836608886719e-05,487,0,0,0,0,0,0.0,0.0,0.0,0.0
1.3113021850585938e-05,330,0,0,0,0,0,0.0,0.0,0.0,0.0
0.01375889778137207,501,0,0,0,0,0,0.0,0.0,0.0,0.0
1.9073486328125e-05,487,0,0,0,0,0,0.0,0.0,0.0,0.0
1.9073486328125e-06,330,0,0,0,0,0,0.0,0.0,0.0,0.0
0.015909910202026367,501,0,0,0,0,0,0.0,0.0,0.0,0.0
2.4080276489257812e-05,487,0,0,0,0,0,0.0,0.0,0.0,0.0
4.0531158447265625e-06,330,0,0,0,0,0,0.0,0.0,0.0,0.0
0.016973018646240234,501,0,0,0,0,0,0.0,0.0,0.0,0.0
2.384185791015625e-05,487,0,0,0,0,0,0.0,0.0,0.0,0.0
3.0994415283203125e-06,330,0,0,0,0,0,0.0,0.0,0.0,0.0
0.014825105667114258,501,0,0,0,0,0,0.0,0.0,0.0,0.0
2.09808349609375e-05,487,0,0,0,0,0,0.0,0.0,0.0,0.0
0.0010688304901123047,330,0,0,0,0,0,0.0,0.0,0.0,0.0
0.013734102249145508,501,0,0,0,0,0,0.0,0.0,0.0,0.0
1.6927719116210938e-05,487,0,0,0,0,0,0.0,0.0,0.0,0.0
8.106231689453125e-06,330,0,0,0,0,0,0.0,0.0,0.0,0.0
0.01585102081298828,501,0,0,0,0,0,0.0,0.0,0.0,0.0
2.5987625122070312e-05,487,0,0,0,0,0,0.0,0.0,0.0,0.0
5.0067901611328125e-06,330,0,0,0,0,0,0.0,0.0,0.0,0.0
0.0190579891204834,501,0,0,0,0,0,0.0,0.0,0.0,0.0
2.5987625122070312e-05,487,0,0,0,0,0,0.0,0.0,0.0,0.0
5.0067901611328125e-06,330,0,0,0,0,0,0.0,0.0,0.0,0.0
0.013795852661132812,501,0,0,0,0,0,0.0,0.0,0.0,0.0
2.2172927856445312e-05,487,0,0,0,0,0,0.0,0.0,0.0,0.0
3.814697265625e-06,330,0,0,0,0,0,0.0,0.0,0.0,0.0
0.016948223114013672,501,0,0,0,0,0,0.0,0.0,0.0,0.0
1.7881393432617188e-05,487,0,0,0,0,0,0.0,0.0,0.0,0.0
3.0994415283203125e-06,330,0,0,0,0,0,0.0,0.0,0.0,0.0
0.015928983688354492,501,0,0,0,0,0,0.0,0.0,0.0,0.0
2.288818359375e-05,487,0,0,0,0,0,0.0,0.0,0.0,0.0
5.0067901611328125e-06,330,0,0,0,0,0,0.0,0.0,0.0,0.0
0.01801013946533203,501,0,0,0,0,0,0.0,0.0,0.0,0.0
1.7881393432617188e-05,487,0,0,0,0,0,0.0,0.0,0.0,0.0
4.0531158447265625e-06,330,0,0,0,0,0,0.0,0.0,0.0,0.0
0.013740062713623047,501,0,0,0,0,0,0.0,0.0,0.0,0.0
1.8835067749023438e-05,487,0,0,0,0,0,0.0,0.0,0.0,0.0
4.0531158447265625e-06,330,0,0,0,0,0,0.0,0.0,0.0,0.0
0.014786958694458008,501,0,0,0,0,0,0.0,0.0,0.0,0.0
1.4066696166992188e-05,487,0,0,0,0,0,0.0,0.0,0.0,0.0
0.0010569095611572266,330,0,0,0,0,0,0.0,0.0,0.0,0.0
0.016878128051757812,501,0,0,0,0,0,0.0,0.0,0.0,0.0
2.09808349609375e-05,487,0,0,0,0,0,0.0,0.0,0.0,0.0
4.0531158447265625e-06,330,0,0,0,0,0,0.0,0.0,0.0,0.0
0.013775825500488281,501,0,0,0,0,0,0.0,0.0,0.0,0.0
1.71661376953125e-05,487,0,0,0,0,0,0.0,0.0,0.0,0.0
1.9073486328125e-06,330,0,0,0,0,0,0.0,0.0,0.0,0.0
0.018995046615600586,501,0,0,0,0,0,0.0,0.0,0.0,0.0
1.9073486328125e-05,487,0,0,0,0,0,0.0,0.0,0.0,0.0
3.814697265625e-06,330,0,0,0,0,0,0.0,0.0,0.0,0.0
0.013724088668823242,501,0,0,0,0,0,0.0,0.0,0.0,0.0
1.1920928955078125e-05,487,0,0,0,0,0,0.0,0.0,0.0,0.0
2.1457672119140625e-06,330,0,0,0,0,0,0.0,0.0,0.0,0.0
0.01686882972717285,501,0,0,0,0,0,0.0,0.0,0.0,0.0
1.2159347534179688e-05,487,0,0,0,0,0,0.0,0.0,0.0,0.0
9.5367431640625e-07,330,0,0,0,0,0,0.0,0.0,0.0,0.0
0.014779090881347656,501,0,0,0,0,0,0.0,0.0,0.0,0.0
3.790855407714844e-05,487,0,0,0,0,0,0.0,0.0,0.0,0.0
7.867813110351562e-06,330,0,0,0,0,0,0.0,0.0,0.0,0.0
0.01593303680419922,501,0,0,0,0,0,0.0,0.0,0.0,0.0
3.218650817871094e-05,487,0,0,0,0,0,0.0,0.0,0.0,0.0
5.9604644775390625e-06,330,0,0,0,0,0,0.0,0.0,0.0,0.0
0.016932964324951172,501,0,0,0,0,0,0.0,0.0,0.0,0.0
2.5987625122070312e-05,487,0,0,0,0,0,0.0,0.0,0.0,0.0
4.0531158447265625e-06,330,0,0,0,0,0,0.0,0.0,0.0,0.0
0.014760017395019531,501,0,0,0,0,0,0.0,0.0,0.0,0.0
1.6927719116210938e-05,487,0,0,0,0,0,0.0,0.0,0.0,0.0
1.9073486328125e-06,330,0,0,0,0,0,0.0,0.0,0.0,0.0
0.01794910430908203,501,0,0,0,0,0,0.0,0.0,0.0,0.0
1.4066696166992188e-05,487,0,0,0,0,0,0.0,0.0,0.0,0.0
2.86102294921875e-06,330,0,0,0,0,0,0.0,0.0,0.0,0.0
0.014734029769897461,501,0,0,0,0,0,0.0,0.0,0.0,0.0
1.9073486328125e-05,487,0,0,0,0,0,0.0,0.0,0.0,0.0
5.9604644775390625e-06,330,0,0,0,0,0,0.0,0.0,0.0,0.0
0.01697993278503418,501,0,0,0,0,0,0.0,0.0,0.0,0.0
5.0067901611328125e-05,487,0,0,0,0,0,0.0,0.0,0.0,0.0
1.0013580322265625e-05,330,0,0,0,0,0,0.0,0.0,0.0,0.0
0.014826059341430664,501,0,0,0,0,0,0.0,0.0,0.0,0.0
1.7881393432617188e-05,487,0,0,0,0,0,0.0,0.0,0.0,0.0
3.0994415283203125e-06,330,0,0,0,0,0,0.0,0.0,0.0,0.0
0.0158538818359375,501,0,0,0,0,0,0.0,0.0,0.0,0.0
1.6927719116210938e-05,487,0,0,0,0,0,0.0,0.0,0.0,0.0
3.0994415283203125e-06,330,0,0,0,0,0,0.0,0.0,0.0,0.0
0.015851974487304688,501,0,0,0,0,0,0.0,0.0,0.0,0.0
1.5020370483398438e-05,487,0,0,0,0,0,0.0,0.0,0.0,0.0
0.0010600090026855469,330,0,0,0,0,0,0.0,0.0,0.0,0.0
0.014765024185180664,501,0,0,0,0,0,0.0,0.0,0.0,0.0
1.1920928955078125e-05,487,0,0,0,0,0,0.0,0.0,0.0,0.0
2.1457672119140625e-06,330,0,0,0,0,0,0.0,0.0,0.0,0.0
0.017908811569213867,501,0,0,0,0,0,0.0,0.0,0.0,0.0
1.4066696166992188e-05,487,0,0,0,0,0,0.0,0.0,0.0,0.0
2.1457672119140625e-06,330,0,0,0,0,0,0.0,0.0,0.0,0.0
0.013681888580322266,501,0,0,0,0,0,0.0,0.0,0.0,0.0
0.0010650157928466797,487,0,0,0,0,0,0.0,0.0,0.0,0.0
3.0994415283203125e-06,330,0,0,0,0,0,0.0,0.0,0.0,0.0
0.016819000244140625,501,0,0,0,0,0,0.0,0.0,0.0,0.0
1.4781951904296875e-05,487,0,0,0,0,0,0.0,0.0,0.0,0.0
2.1457672119140625e-06,330,0,0,0,0,0,0.0,0.0,0.0,0.0
0.021095991134643555,501,0,0,0,0,0,0.0,0.0,0.0,0.0
1.9073486328125e-05,487,0,0,0,0,0,0.0,0.0,0.0,0.0
0.002110004425048828,330,0,0,0,0,0,0.0,0.0,0.0,0.0
0.015817880630493164,501,0,0,0,0,0,0.0,0.0,0.0,0.0
1.5020370483398438e-05,487,0,0,0,0,0,0.0,0.0,0.0,0.0
0.0010540485382080078,330,0,0,0,0,0,0.0,0.0,0.0,0.0
0.008424043655395508,501,0,0,0,0,0,0.0,0.0,0.0,0.0
8.821487426757812e-06,487,0,0,0,0,0,0.0,0.0,0.0,0.0
2.1457672119140625e-06,330,0,0,0,0,0,0.0,0.0,0.0,0.0
0.014750957489013672,501,0,0,0,0,0,0.0,0.0,0.0,0.0
1.4066696166992188e-05,487,0,0,0,0,0,0.0,0.0,0.0,0.0
1.9073486328125e-06,330,0,0,0,0,0,0.0,0.0,0.0,0.0
0.016827106475830078,501,0,0,0,0,0,0.0,0.0,0.0,0.0
1.2874603271484375e-05,487,0,0,0,0,0,0.0,0.0,0.0,0.0
1.9073486328125e-06,330,0,0,0,0,0,0.0,0.0,0.0,0.0
0.013724088668823242,501,0,0,0,0,0,0.0,0.0,0.0,0.0
1.4066696166992188e-05,487,0,0,0,0,0,0.0,0.0,0.0,0.0
0.0010540485382080078,330,0,0,0,0,0,0.0,0.0,0.0,0.0
0.016878843307495117,501,0,0,0,0,0,0.0,0.0,0.0,0.0
1.5974044799804688e-05,487,0,0,0,0,0,0.0,0.0,0.0,0.0
0.001055002212524414,330,0,0,0,0,0,0.0,0.0,0.0,0.0
0.013694047927856445,501,0,0,0,0,0,0.0,0.0,0.0,0.0
1.3113021850585938e-05,487,0,0,0,0,0,0.0,0.0,0.0,0.0
1.9073486328125e-06,330,0,0,0,0,0,0.0,0.0,0.0,0.0
0.016891956329345703,501,0,0,0,0,0,0.0,0.0,0.0,0.0
1.5020370483398438e-05,487,0,0,0,0,0,0.0,0.0,0.0,0.0
3.0994415283203125e-06,330,0,0,0,0,0,0.0,0.0,0.0,0.0
0.014803886413574219,501,0,0,0,0,0,0.0,0.0,0.0,0.0
0.003172159194946289,487,0,0,0,0,0,0.0,0.0,0.0,0.0
2.86102294921875e-06,330,0,0,0,0,0,0.0,0.0,0.0,0.0
0.015830039978027344,501,0,0,0,0,0,0.0,0.0,0.0,0.0
1.4066696166992188e-05,487,0,0,0,0,0,0.0,0.0,0.0,0.0
1.9073486328125e-06,330,0,0,0,0,0,0.0,0.0,0.0,0.0
0.01476597785949707,501,0,0,0,0,0,0.0,0.0,0.0,0.0
1.4066696166992188e-05,487,0,0,0,0,0,0.0,0.0,0.0,0.0
1.9073486328125e-06,330,0,0,0,0,0,0.0,0.0,0.0,0.0
0.01474618911743164,501,0,0,0,0,0,0.0,0.0,0.0,0.0
1.0967254638671875e-05,487,0,0,0,0,0,0.0,0.0,0.0,0.0
1.9073486328125e-06,330,0,0,0,0,0,0.0,0.0,0.0,0.0
0.015790939331054688,501,0,0,0,0,0,0.0,0.0,0.0,0.0
0.0010671615600585938,487,0,0,0,0,0,0.0,0.0,0.0,0.0
2.86102294921875e-06,330,0,0,0,0,0,0.0,0.0,0.0,0.0
0.014733076095581055,501,0,0,0,0,0,0.0,0.0,0.0,0.0
1.1920928955078125e-05,487,0,0,0,0,0,0.0,0.0,0.0,0.0
2.1457672119140625e-06,330,0,0,0,0,0,0.0,0.0,0.0,0.0
0.017879962921142578,501,0,0,0,0,0,0.0,0.0,0.0,0.0
1.1920928955078125e-05,487,0,0,0,0,0,0.0,0.0,0.0,0.0
1.9073486328125e-06,330,0,0,0,0,0,0.0,0.0,0.0,0.0
0.013753175735473633,501,0,0,0,0,0,0.0,0.0,0.0,0.0
4.792213439941406e-05,487,0,0,0,0,0,0.0,0.0,0.0,0.0
9.059906005859375e-06,330,0,0,0,0,0,0.0,0.0,0.0,0.0
0.01797199249267578,501,0,0,0,0,0,0.0,0.0,0.0,0.0
3.3855438232421875e-05,487,0,0,0,0,0,0.0,0.0,0.0,0.0
5.0067901611328125e-06,330,0,0,0,0,0,0.0,0.0,0.0,0.0
0.014739990234375,501,0,0,0,0,0,0.0,0.0,0.0,0.0
1.9073486328125e-05,487,0,0,0,0,0,0.0,0.0,0.0,0.0
0.003200054168701172,330,0,0,0,0,0,0.0,0.0,0.0,0.0
0.013737916946411133,501,0,0,0,0,0,0.0,0.0,0.0,0.0
4.8160552978515625e-05,487,0,0,0,0,0,0.0,0.0,0.0,0.0
8.821487426757812e-06,330,0,0,0,0,0,0.0,0.0,0.0,0.0
0.01796698570251465,501,0,0,0,0,0,0.0,0.0,0.0,0.0
1.3113021850585938e-05,487,0,0,0,0,0,0.0,0.0,0.0,0.0
1.9073486328125e-06,330,0,0,0,0,0,0.0,0.0,0.0,0.0
0.013669013977050781,501,0,0,0,0,0,0.0,0.0,0.0,0.0
1.811981201171875e-05,487,0,0,0,0,0,0.0,0.0,0.0,0.0
2.86102294921875e-06,330,0,0,0,0,0,0.0,0.0,0.0,0.0
0.017915964126586914,501,0,0,0,0,0,0.0,0.0,0.0,0.0
1.4066696166992188e-05,487,0,0,0,0,0,0.0,0.0,0.0,0.0
2.1457672119140625e-06,330,0,0,0,0,0,0.0,0.0,0.0,0.0
0.0158078670501709,501,0,0,0,0,0,0.0,0.0,0.0,0.0
1.5020370483398438e-05,487,0,0,0,0,0,0.0,0.0,0.0,0.0
1.9073486328125e-06,330,0,0,0,0,0,0.0,0.0,0.0,0.0
0.013728141784667969,501,0,0,0,0,0,0.0,0.0,0.0,0.0
2.09808349609375e-05,487,0,0,0,0,0,0.0,0.0,0.0,0.0
3.0994415283203125e-06,330,0,0,0,0,0,0.0,0.0,0.0,0.0
0.01794886589050293,501,0,0,0,0,0,0.0,0.0,0.0,0.0
2.002716064453125e-05,487,0,0,0,0,0,0.0,0.0,0.0,0.0
1.9073486328125e-06,330,0,0,0,0,0,0.0,0.0,0.0,0.0
0.015832185745239258,501,0,0,0,0,0,0.0,0.0,0.0,0.0
1.2874603271484375e-05,487,0,0,0,0,0,0.0,0.0,0.0,0.0
2.1457672119140625e-06,330,0,0,0,0,0,0.0,0.0,0.0,0.0
0.016876935958862305,501,0,0,0,0,0,0.0,0.0,0.0,0.0
1.2874603271484375e-05,487,0,0,0,0,0,0.0,0.0,0.0,0.0
2.1457672119140625e-06,330,0,0,0,0,0,0.0,0.0,0.0,0.0
0.013664007186889648,501,0,0,0,0,0,0.0,0.0,0.0,0.0
1.5974044799804688e-05,487,0,0,0,0,0,0.0,0.0,0.0,0.0
9.5367431640625e-07,330,0,0,0,0,0,0.0,0.0,0.0,0.0
0.01787090301513672,501,0,0,0,0,0,0.0,0.0,0.0,0.0
1.4066696166992188e-05,487,0,0,0,0,0,0.0,0.0,0.0,0.0
9.5367431640625e-07,330,0,0,0,0,0,0.0,0.0,0.0,0.0
0.015777111053466797,501,0,0,0,0,0,0.0,0.0,0.0,0.0
1.5020370483398438e-05,487,0,0,0,0,0,0.0,0.0,0.0,0.0
2.86102294921875e-06,330,0,0,0,0,0,0.0,0.0,0.0,0.0
0.014764070510864258,501,0,0,0,0,0,0.0,0.0,0.0,0.0
1.5020370483398438e-05,487,0,0,0,0,0,0.0,0.0,0.0,0.0
1.9073486328125e-06,330,0,0,0,0,0,0.0,0.0,0.0,0.0
0.017922163009643555,501,0,0,0,0,0,0.0,0.0,0.0,0.0
1.2874603271484375e-05,487,0,0,0,0,0,0.0,0.0,0.0,0.0
3.0994415283203125e-06,330,0,0,0,0,0,0.0,0.0,0.0,0.0
0.01385188102722168,501,0,0,0,0,0,0.0,0.0,0.0,0.0
1.3113021850585938e-05,487,0,0,0,0,0,0.0,0.0,0.0,0.0
1.9073486328125e-06,330,0,0,0,0,0,0.0,0.0,0.0,0.0
0.01598501205444336,501,0,0,0,0,0,0.0,0.0,0.0,0.0
1.1920928955078125e-05,487,0,0,0,0,0,0.0,0.0,0.0,0.0
1.1920928955078125e-06,330,0,0,0,0,0,0.0,0.0,0.0,0.0
0.015803813934326172,501,0,0,0,0,0,0.0,0.0,0.0,0.0
1.1205673217773438e-05,487,0,0,0,0,0,0.0,0.0,0.0,0.0
9.5367431640625e-07,330,0,0,0,0,0,0.0,0.0,0.0,0.0
0.014742851257324219,501,0,0,0,0,0,0.0,0.0,0.0,0.0
9.059906005859375e-06,487,0,0,0,0,0,0.0,0.0,0.0,0.0
9.5367431640625e-07,330,0,0,0,0,0,0.0,0.0,0.0,0.0
0.017918109893798828,501,0,0,0,0,0,0.0,0.0,0.0,0.0
1.0013580322265625e-05,487,0,0,0,0,0,0.0,0.0,0.0,0.0
9.5367431640625e-07,330,0,0,0,0,0,0.0,0.0,0.0,0.0
0.014431953430175781,501,0,0,0,0,0,0.0,0.0,0.0,0.0
1.6927719116210938e-05,487,0,0,0,0,0,0.0,0.0,0.0,0.0
2.1457672119140625e-06,330,0,0,0,0,0,0.0,0.0,0.0,0.0
0.0169219970703125,501,0,0,0,0,0,0.0,0.0,0.0,0.0
1.2874603271484375e-05,487,0,0,0,0,0,0.0,0.0,0.0,0.0
2.1457672119140625e-06,330,0,0,0,0,0,0.0,0.0,0.0,0.0
0.014824867248535156,501,0,0,0,0,0,0.0,0.0,0.0,0.0
4.315376281738281e-05,487,0,0,0,0,0,0.0,0.0,0.0,0.0
7.867813110351562e-06,330,0,0,0,0,0,0.0,0.0,0.0,0.0
0.017965078353881836,501,0,0,0,0,0,0.0,0.0,0.0,0.0
1.6927719116210938e-05,487,0,0,0,0,0,0.0,0.0,0.0,0.0
3.0994415283203125e-06,330,0,0,0,0,0,0.0,0.0,0.0,0.0
0.013727903366088867,501,0,0,0,0,0,0.0,0.0,0.0,0.0
4.00543212890625e-05,487,0,0,0,0,0,0.0,0.0,0.0,0.0
6.9141387939453125e-06,330,0,0,0,0,0,0.0,0.0,0.0,0.0
0.0179290771484375,501,0,0,0,0,0,0.0,0.0,0.0,0.0
1.3113021850585938e-05,487,0,0,0,0,0,0.0,0.0,0.0,0.0
1.9073486328125e-06,330,0,0,0,0,0,0.0,0.0,0.0,0.0
0.013698101043701172,501,0,0,0,0,0,0.0,0.0,0.0,0.0
3.695487976074219e-05,487,0,0,0,0,0,0.0,0.0,0.0,0.0
0.0010678768157958984,330,0,0,0,0,0,0.0,0.0,0.0,0.0
0.0168759822845459,501,0,0,0,0,0,0.0,0.0,0.0,0.0
2.5033950805664062e-05,487,0,0,0,0,0,0.0,0.0,0.0,0.0
2.1457672119140625e-06,330,0,0,0,0,0,0.0,0.0,0.0,0.0
0.014981985092163086,501,0,0,0,0,0,0.0,0.0,0.0,0.0
2.002716064453125e-05,487,0,0,0,0,0,0.0,0.0,0.0,0.0
1.9073486328125e-06,330,0,0,0,0,0,0.0,0.0,0.0,0.0
0.016896963119506836,501,0,0,0,0,0,0.0,0.0,0.0,0.0
1.811981201171875e-05,487,0,0,0,0,0,0.0,0.0,0.0,0.0
2.86102294921875e-06,330,0,0,0,0,0,0.0,0.0,0.0,0.0
0.014770984649658203,501,0,0,0,0,0,0.0,0.0,0.0,0.0
2.5033950805664062e-05,487,0,0,0,0,0,0.0,0.0,0.0,0.0
3.0994415283203125e-06,330,0,0,0,0,0,0.0,0.0,0.0,0.0
0.01787400245666504,501,0,0,0,0,0,0.0,0.0,0.0,0.0
1.5020370483398438e-05,487,0,0,0,0,0,0.0,0.0,0.0,0.0
1.9073486328125e-06,330,0,0,0,0,0,0.0,0.0,0.0,0.0
0.013665914535522461,501,0,0,0,0,0,0.0,0.0,0.0,0.0
1.4066696166992188e-05,487,0,0,0,0,0,0.0,0.0,0.0,0.0
1.9073486328125e-06,330,0,0,0,0,0,0.0,0.0,0.0,0.0
0.015830039978027344,501,0,0,0,0,0,0.0,0.0,0.0,0.0
0.0010700225830078125,487,0,0,0,0,0,0.0,0.0,0.0,0.0
5.0067901611328125e-06,330,0,0,0,0,0,0.0,0.0,0.0,0.0
0.016868114471435547,501,0,0,0,0,0,0.0,0.0,0.0,0.0
1.1920928955078125e-05,487,0,0,0,0,0,0.0,0.0,0.0,0.0
0.0010650157928466797,330,0,0,0,0,0,0.0,0.0,0.0,0.0
0.013711929321289062,501,0,0,0,0,0,0.0,0.0,0.0,0.0
1.0967254638671875e-05,487,0,0,0,0,0,0.0,0.0,0.0,0.0
2.1457672119140625e-06,330,0,0,0,0,0,0.0,0.0,0.0,0.0
0.016856908798217773,501,0,0,0,0,0,0.0,0.0,0.0,0.0
0.0010619163513183594,487,0,0,0,0,0,0.0,0.0,0.0,0.0
4.0531158447265625e-06,330,0,0,0,0,0,0.0,0.0,0.0,0.0
0.01793503761291504,501,0,0,0,0,0,0.0,0.0,0.0,0.0
1.5020370483398438e-05,487,0,0,0,0,0,0.0,0.0,0.0,0.0
8.106231689453125e-06,330,0,0,0,0,0,0.0,0.0,0.0,0.0
0.011607885360717773,501,0,0,0,0,0,0.0,0.0,0.0,0.0
1.0013580322265625e-05,487,0,0,0,0,0,0.0,0.0,0.0,0.0
9.5367431640625e-07,330,0,0,0,0,0,0.0,0.0,0.0,0.0
0.01593494415283203,501,0,0,0,0,0,0.0,0.0,0.0,0.0
1.2159347534179688e-05,487,0,0,0,0,0,0.0,0.0,0.0,0.0
1.9073486328125e-06,330,0,0,0,0,0,0.0,0.0,0.0,0.0
0.01593303680419922,501,0,0,0,0,0,0.0,0.0,0.0,0.0
1.2874603271484375e-05,487,0,0,0,0,0,0.0,0.0,0.0,0.0
2.1457672119140625e-06,330,0,0,0,0,0,0.0,0.0,0.0,0.0
0.017951011657714844,501,0,0,0,0,0,0.0,0.0,0.0,0.0
0.0011169910430908203,487,0,0,0,0,0,0.0,0.0,0.0,0.0
7.867813110351562e-06,330,0,0,0,0,0,0.0,0.0,0.0,0.0
0.01588916778564453,501,0,0,0,0,0,0.0,0.0,0.0,0.0
1.2874603271484375e-05,487,0,0,0,0,0,0.0,0.0,0.0,0.0
2.1457672119140625e-06,330,0,0,0,0,0,0.0,0.0,0.0,0.0
0.015906810760498047,501,0,0,0,0,0,0.0,0.0,0.0,0.0
2.4080276489257812e-05,487,0,0,0,0,0,0.0,0.0,0.0,0.0
4.0531158447265625e-06,330,0,0,0,0,0,0.0,0.0,0.0,0.0
0.014854907989501953,501,0,0,0,0,0,0.0,0.0,0.0,0.0
1.9073486328125e-05,487,0,0,0,0,0,0.0,0.0,0.0,0.0
3.0994415283203125e-06,330,0,0,0,0,0,0.0,0.0,0.0,0.0
0.01487278938293457,501,0,0,0,0,0,0.0,0.0,0.0,0.0
3.504753112792969e-05,487,0,0,0,0,0,0.0,0.0,0.0,0.0
5.9604644775390625e-06,330,0,0,0,0,0,0.0,0.0,0.0,0.0
0.018014192581176758,501,0,0,0,0,0,0.0,0.0,0.0,0.0
1.6927719116210938e-05,487,0,0,0,0,0,0.0,0.0,0.0,0.0
2.86102294921875e-06,330,0,0,0,0,0,0.0,0.0,0.0,0.0
0.013766050338745117,501,0,0,0,0,0,0.0,0.0,0.0,0.0
5.1975250244140625e-05,487,0,0,0,0,0,0.0,0.0,0.0,0.0
1.0013580322265625e-05,330,0,0,0,0,0,0.0,0.0,0.0,0.0
0.017961978912353516,501,0,0,0,0,0,0.0,0.0,0.0,0.0
2.5987625122070312e-05,487,0,0,0,0,0,0.0,0.0,0.0,0.0
3.0994415283203125e-06,330,0,0,0,0,0,0.0,0.0,0.0,0.0
0.013685941696166992,501,0,0,0,0,0,0.0,0.0,0.0,0.0
2.09808349609375e-05,487,0,0,0,0,0,0.0,0.0,0.0,0.0
4.0531158447265625e-06,330,0,0,0,0,0,0.0,0.0,0.0,0.0
0.016917943954467773,501,0,0,0,0,0,0.0,0.0,0.0,0.0
1.811981201171875e-05,487,0,0,0,0,0,0.0,0.0,0.0,0.0
2.86102294921875e-06,330,0,0,0,0,0,0.0,0.0,0.0,0.0
0.015829086303710938,501,0,0,0,0,0,0.0,0.0,0.0,0.0
1.5020370483398438e-05,487,0,0,0,0,0,0.0,0.0,0.0,0.0
0.0010581016540527344,330,0,0,0,0,0,0.0,0.0,0.0,0.0
0.01592278480529785,501,0,0,0,0,0,0.0,0.0,0.0,0.0
3.504753112792969e-05,487,0,0,0,0,0,0.0,0.0,0.0,0.0
5.9604644775390625e-06,330,0,0,0,0,0,0.0,0.0,0.0,0.0
0.017147064208984375,501,0,0,0,0,0,0.0,0.0,0.0,0.0
2.3126602172851562e-05,487,0,0,0,0,0,0.0,0.0,0.0,0.0
3.814697265625e-06,330,0,0,0,0,0,0.0,0.0,0.0,0.0
0.012962102890014648,501,0,0,0,0,0,0.0,0.0,0.0,0.0
1.7881393432617188e-05,487,0,0,0,0,0,0.0,0.0,0.0,0.0
5.0067901611328125e-06,330,0,0,0,0,0,0.0,0.0,0.0,0.0
0.017980098724365234,501,0,0,0,0,0,0.0,0.0,0.0,0.0
1.811981201171875e-05,487,0,0,0,0,0,0.0,0.0,0.0,0.0
2.86102294921875e-06,330,0,0,0,0,0,0.0,0.0,0.0,0.0
0.013736963272094727,501,0,0,0,0,0,0.0,0.0,0.0,0.0
2.3126602172851562e-05,487,0,0,0,0,0,0.0,0.0,0.0,0.0
4.0531158447265625e-06,330,0,0,0,0,0,0.0,0.0,0.0,0.0
0.0179898738861084,501,0,0,0,0,0,0.0,0.0,0.0,0.0
2.3126602172851562e-05,487,0,0,0,0,0,0.0,0.0,0.0,0.0
3.814697265625e-06,330,0,0,0,0,0,0.0,0.0,0.0,0.0
0.01589512825012207,501,0,0,0,0,0,0.0,0.0,0.0,0.0
1.8835067749023438e-05,487,0,0,0,0,0,0.0,0.0,0.0,0.0
4.0531158447265625e-06,330,0,0,0,0,0,0.0,0.0,0.0,0.0
0.013731002807617188,501,0,0,0,0,0,0.0,0.0,0.0,0.0
0.0010759830474853516,487,0,0,0,0,0,0.0,0.0,0.0,0.0
1.0967254638671875e-05,330,0,0,0,0,0,0.0,0.0,0.0,0.0
0.016962051391601562,501,0,0,0,0,0,0.0,0.0,0.0,0.0
2.09808349609375e-05,487,0,0,0,0,0,0.0,0.0,0.0,0.0
5.0067901611328125e-06,330,0,0,0,0,0,0.0,0.0,0.0,0.0
0.014773130416870117,501,0,0,0,0,0,0.0,0.0,0.0,0.0
1.3828277587890625e-05,487,0,0,0,0,0,0.0,0.0,0.0,0.0
3.0994415283203125e-06,330,0,0,0,0,0,0.0,0.0,0.0,0.0
0.016897916793823242,501,0,0,0,0,0,0.0,0.0,0.0,0.0
1.2159347534179688e-05,487,0,0,0,0,0,0.0,0.0,0.0,0.0
0.001055002212524414,330,0,0,0,0,0,0.0,0.0,0.0,0.0
0.016012907028198242,501,0,0,0,0,0,0.0,0.0,0.0,0.0
0.0010669231414794922,487,0,0,0,0,0,0.0,0.0,0.0,0.0
5.0067901611328125e-06,330,0,0,0,0,0,0.0,0.0,0.0,0.0
0.013738155364990234,501,0,0,0,0,0,0.0,0.0,0.0,0.0
1.0967254638671875e-05,487,0,0,0,0,0,0.0,0.0,0.0,0.0
1.9073486328125e-06,330,0,0,0,0,0,0.0,0.0,0.0,0.0
0.017971038818359375,501,0,0,0,0,0,0.0,0.0,0.0,0.0
1.811981201171875e-05,487,0,0,0,0,0,0.0,0.0,0.0,0.0
1.9073486328125e-06,330,0,0,0,0,0,0.0,0.0,0.0,0.0
0.015835046768188477,501,0,0,0,0,0,0.0,0.0,0.0,0.0
1.2874603271484375e-05,487,0,0,0,0,0,0.0,0.0,0.0,0.0
2.1457672119140625e-06,330,0,0,0,0,0,0.0,0.0,0.0,0.0
0.013696908950805664,501,0,0,0,0,0,0.0,0.0,0.0,0.0
1.0967254638671875e-05,487,0,0,0,0,0,0.0,0.0,0.0,0.0
9.5367431640625e-07,330,0,0,0,0,0,0.0,0.0,0.0,0.0
0.016827106475830078,501,0,0,0,0,0,0.0,0.0,0.0,0.0
0.0010640621185302734,487,0,0,0,0,0,0.0,0.0,0.0,0.0
3.814697265625e-06,330,0,0,0,0,0,0.0,0.0,0.0,0.0
0.015839099884033203,501,0,0,0,0,0,0.0,0.0,0.0,0.0
1.3113021850585938e-05,487,0,0,0,0,0,0.0,0.0,0.0,0.0
1.9073486328125e-06,330,0,0,0,0,0,0.0,0.0,0.0,0.0
0.015816926956176758,501,0,0,0,0,0,0.0,0.0,0.0,0.0
1.2159347534179688e-05,487,0,0,0,0,0,0.0,0.0,0.0,0.0
1.9073486328125e-06,330,0,0,0,0,0,0.0,0.0,0.0,0.0
0.014774084091186523,501,0,0,0,0,0,0.0,0.0,0.0,0.0
1.0967254638671875e-05,487,0,0,0,0,0,0.0,0.0,0.0,0.0
1.9073486328125e-06,330,0,0,0,0,0,0.0,0.0,0.0,0.0
0.007395029067993164,0,0,0,0,0,0,0.0,0.0,0.0,0.0
0.004225969314575195,0,0,0,0,0,0,0.0,0.0,0.0,0.0
0.0049860477447509766,501,0,0,0,0,0,0.0,0.0,0.0,0.0
3.600120544433594e-05,487,0,0,0,0,0,0.0,0.0,0.0,0.0
1.0013580322265625e-05,330,0,0,0,0,0,0.0,0.0,0.0,0.0
0.00021696090698242188,0,0,0,0,0,0,0.0,0.0,0.0,0.0
0.0052700042724609375,0,0,0,0,0,0,0.0,0.0,0.0,0.0
0.00527191162109375,0,0,0,0,0,0,0.0,0.0,0.0,0.0
0.005292177200317383,0,0,0,0,0,0,0.0,0.0,0.0,0.0
0.0009038448333740234,501,0,0,0,0,0,0.0,0.0,0.0,0.0
9.059906005859375e-06,487,0,0,0,0,0,0.0,0.0,0.0,0.0
3.0994415283203125e-06,330,0,0,0,0,0,0.0,0.0,0.0,0.0
0.004366874694824219,0,0,0,0,0,0,0.0,0.0,0.0,0.0
0.005270957946777344,0,0,0,0,0,0,0.0,0.0,0.0,0.0
0.004075050354003906,501,0,0,0,0,0,0.0,0.0,0.0,0.0
2.5987625122070312e-05,487,0,0,0,0,0,0.0,0.0,0.0,0.0
0.00012993812561035156,0,0,0,0,0,0,0.0,0.0,0.0,0.0
0.0009322166442871094,330,0,0,0,0,0,0.0,0.0,0.0,0.0
0.004341840744018555,0,0,0,0,0,0,0.0,0.0,0.0,0.0
0.005274057388305664,0,0,0,0,0,0,0.0,0.0,0.0,0.0
0.0052869319915771484,0,0,0,0,0,0,0.0,0.0,0.0,0.0
0.0019919872283935547,501,0,0,0,0,0,0.0,0.0,0.0,0.0
0.001085042953491211,487,0,0,0,0,0,0.0,0.0,0.0,0.0
6.9141387939453125e-06,330,0,0,0,0,0,0.0,0.0,0.0,0.0
0.0022001266479492188,0,0,0,0,0,0,0.0,0.0,0.0,0.0
0.005276918411254883,0,0,0,0,0,0,0.0,0.0,0.0,0.0
0.005282163619995117,0,0,0,0,0,0,0.0,0.0,0.0,0.0
0.0009508132934570312,501,0,0,0,0,0,0.0,0.0,0.0,0.0
1.9073486328125e-05,487,0,0,0,0,0,0.0,0.0,0.0,0.0
6.9141387939453125e-06,330,0,0,0,0,0,0.0,0.0,0.0,0.0
0.003297090530395508,0,0,0,0,0,0,0.0,0.0,0.0,0.0
0.005311012268066406,0,0,0,0,0,0,0.0,0.0,0.0,0.0
0.005304098129272461,0,0,0,0,0,0,0.0,0.0,0.0,0.0
0.0030379295349121094,501,0,0,0,0,0,0.0,0.0,0.0,0.0
4.100799560546875e-05,487,0,0,0,0,0,0.0,0.0,0.0,0.0
2.193450927734375e-05,330,0,0,0,0,0,0.0,0.0,0.0,0.0
0.0022439956665039062,0,0,0,0,0,0,0.0,0.0,0.0,0.0
0.0053310394287109375,0,0,0,0,0,0,0.0,0.0,0.0,0.0
0.004247903823852539,0,0,0,0,0,0,0.0,0.0,0.0,0.0
0.004075050354003906,501,0,0,0,0,0,0.0,0.0,0.0,0.0
1.5974044799804688e-05,487,0,0,0,0,0,0.0,0.0,0.0,0.0
7.152557373046875e-06,330,0,0,0,0,0,0.0,0.0,0.0,0.0
0.0012209415435791016,0,0,0,0,0,0,0.0,0.0,0.0,0.0
0.005366086959838867,0,0,0,0,0,0,0.0,0.0,0.0,0.0
0.005283832550048828,0,0,0,0,0,0,0.0,0.0,0.0,0.0
0.0018990039825439453,501,0,0,0,0,0,0.0,0.0,0.0,0.0
1.5020370483398438e-05,487,0,0,0,0,0,0.0,0.0,0.0,0.0
9.059906005859375e-06,330,0,0,0,0,0,0.0,0.0,0.0,0.0
0.003387928009033203,0,0,0,0,0,0,0.0,0.0,0.0,0.0
0.004287004470825195,0,0,0,0,0,0,0.0,0.0,0.0,0.0
0.005277156829833984,0,0,0,0,0,0,0.0,0.0,0.0,0.0
0.003927946090698242,501,0,0,0,0,0,0.0,0.0,0.0,0.0
0.001071929931640625,487,0,0,0,0,0,0.0,0.0,0.0,0.0
5.9604644775390625e-06,330,0,0,0,0,0,0.0,0.0,0.0,0.0
0.0003230571746826172,0,0,0,0,0,0,0.0,0.0,0.0,0.0
0.005342960357666016,0,0,0,0,0,0,0.0,0.0,0.0,0.0
0.005291938781738281,0,0,0,0,0,0,0.0,0.0,0.0,0.0
0.002802133560180664,501,0,0,0,0,0,0.0,0.0,0.0,0.0
1.0967254638671875e-05,487,0,0,0,0,0,0.0,0.0,0.0,0.0
4.0531158447265625e-06,330,0,0,0,0,0,0.0,0.0,0.0,0.0
0.0014128684997558594,0,0,0,0,0,0,0.0,0.0,0.0,0.0
0.005288124084472656,0,0,0,0,0,0,0.0,0.0,0.0,0.0
0.005280971527099609,0,0,0,0,0,0,0.0,0.0,0.0,0.0
0.005279064178466797,0,0,0,0,0,0,0.0,0.0,0.0,0.0
0.0006549358367919922,501,0,0,0,0,0,0.0,0.0,0.0,0.0
9.059906005859375e-06,487,0,0,0,0,0,0.0,0.0,0.0,0.0
2.86102294921875e-06,330,0,0,0,0,0,0.0,0.0,0.0,0.0
0.004625082015991211,0,0,0,0,0,0,0.0,0.0,0.0,0.0
0.005279064178466797,0,0,0,0,0,0,0.0,0.0,0.0,0.0
0.004211902618408203,0,0,0,0,0,0,0.0,0.0,0.0,0.0
0.0006639957427978516,501,0,0,0,0,0,0.0,0.0,0.0,0.0
8.106231689453125e-06,487,0,0,0,0,0,0.0,0.0,0.0,0.0
1.9073486328125e-06,330,0,0,0,0,0,0.0,0.0,0.0,0.0
0.0046079158782958984,0,0,0,0,0,0,0.0,0.0,0.0,0.0
0.0052890777587890625,0,0,0,0,0,0,0.0,0.0,0.0,0.0
0.005264997482299805,0,0,0,0,0,0,0.0,0.0,0.0,0.0
0.0017139911651611328,501,0,0,0,0,0,0.0,0.0,0.0,0.0
8.106231689453125e-06,487,0,0,0,0,0,0.0,0.0,0.0,0.0
2.86102294921875e-06,330,0,0,0,0,0,0.0,0.0,0.0,0.0
0.0035419464111328125,0,0,0,0,0,0,0.0,0.0,0.0,0.0
0.005285978317260742,0,0,0,0,0,0,0.0,0.0,0.0,0.0
0.005267143249511719,0,0,0,0,0,0,0.0,0.0,0.0,0.0
0.0028090476989746094,501,0,0,0,0,0,0.0,0.0,0.0,0.0
1.5020370483398438e-05,487,0,0,0,0,0,0.0,0.0,0.0,0.0
5.0067901611328125e-06,330,0,0,0,0,0,0.0,0.0,0.0,0.0
0.0013859272003173828,0,0,0,0,0,0,0.0,0.0,0.0,0.0
0.005285024642944336,0,0,0,0,0,0,0.0,0.0,0.0,0.0
0.005272865295410156,0,0,0,0,0,0,0.0,0.0,0.0,0.0
0.0018000602722167969,501,0,0,0,0,0,0.0,0.0,0.0,0.0
1.0967254638671875e-05,487,0,0,0,0,0,0.0,0.0,0.0,0.0
5.0067901611328125e-06,330,0,0,0,0,0,0.0,0.0,0.0,0.0
0.003451108932495117,0,0,0,0,0,0,0.0,0.0,0.0,0.0
0.005283832550048828,0,0,0,0,0,0,0.0,0.0,0.0,0.0
0.005351066589355469,0,0,0,0,0,0,0.0,0.0,0.0,0.0
0.0039010047912597656,501,0,0,0,0,0,0.0,0.0,0.0,0.0
1.5974044799804688e-05,487,0,0,0,0,0,0.0,0.0,0.0,0.0
4.0531158447265625e-06,330,0,0,0,0,0,0.0,0.0,0.0,0.0
0.0013859272003173828,0,0,0,0,0,0,0.0,0.0,0.0,0.0
0.004243135452270508,0,0,0,0,0,0,0.0,0.0,0.0,0.0
0.005341053009033203,0,0,0,0,0,0,0.0,0.0,0.0,0.0
0.0028328895568847656,501,0,0,0,0,0,0.0,0.0,0.0,0.0
1.4066696166992188e-05,487,0,0,0,0,0,0.0,0.0,0.0,0.0
2.86102294921875e-06,330,0,0,0,0,0,0.0,0.0,0.0,0.0
0.0024590492248535156,0,0,0,0,0,0,0.0,0.0,0.0,0.0
0.0052890777587890625,0,0,0,0,0,0,0.0,0.0,0.0,0.0
0.005331993103027344,0,0,0,0,0,0,0.0,0.0,0.0,0.0
0.003973960876464844,501,0,0,0,0,0,0.0,0.0,0.0,0.0
4.506111145019531e-05,487,0,0,0,0,0,0.0,0.0,0.0,0.0
1.5020370483398438e-05,330,0,0,0,0,0,0.0,0.0,0.0,0.0
0.00029087066650390625,0,0,0,0,0,0,0.0,0.0,0.0,0.0
0.005293130874633789,0,0,0,0,0,0,0.0,0.0,0.0,0.0
0.00529789924621582,0,0,0,0,0,0,0.0,0.0,0.0,0.0
0.0049779415130615234,501,0,0,0,0,0,0.0,0.0,0.0,0.0
1.3113021850585938e-05,487,0,0,0,0,0,0.0,0.0,0.0,0.0
2.86102294921875e-06,330,0,0,0,0,0,0.0,0.0,0.0,0.0
0.0003139972686767578,0,0,0,0,0,0,0.0,0.0,0.0,0.0
0.005290985107421875,0,0,0,0,0,0,0.0,0.0,0.0,0.0
0.005318164825439453,0,0,0,0,0,0,0.0,0.0,0.0,0.0
0.004307985305786133,0,0,0,0,0,0,0.0,0.0,0.0,0.0
0.0006818771362304688,501,0,0,0,0,0,0.0,0.0,0.0,0.0
3.0040740966796875e-05,487,0,0,0,0,0,0.0,0.0,0.0,0.0
1.2159347534179688e-05,330,0,0,0,0,0,0.0,0.0,0.0,0.0
0.004602909088134766,0,0,0,0,0,0,0.0,0.0,0.0,0.0
0.005326986312866211,0,0,0,0,0,0,0.0,0.0,0.0,0.0
0.005335092544555664,0,0,0,0,0,0,0.0,0.0,0.0,0.0
0.0016849040985107422,501,0,0,0,0,0,0.0,0.0,0.0,0.0
1.0013580322265625e-05,487,0,0,0,0,0,0.0,0.0,0.0,0.0
4.0531158447265625e-06,330,0,0,0,0,0,0.0,0.0,0.0,0.0
0.0036008358001708984,0,0,0,0,0,0,0.0,0.0,0.0,0.0
0.005278110504150391,0,0,0,0,0,0,0.0,0.0,0.0,0.0
0.004277944564819336,0,0,0,0,0,0,0.0,0.0,0.0,0.0
0.0006160736083984375,501,0,0,0,0,0,0.0,0.0,0.0,0.0
4.38690185546875e-05,487,0,0,0,0,0,0.0,0.0,0.0,0.0
1.621246337890625e-05,330,0,0,0,0,0,0.0,0.0,0.0,0.0
0.004631996154785156,0,0,0,0,0,0,0.0,0.0,0.0,0.0
0.005280971527099609,0,0,0,0,0,0,0.0,0.0,0.0,0.0
0.005300998687744141,0,0,0,0,0,0,0.0,0.0,0.0,0.0
0.002792835235595703,501,0,0,0,0,0,0.0,0.0,0.0,0.0
4.00543212890625e-05,487,0,0,0,0,0,0.0,0.0,0.0,0.0
1.5974044799804688e-05,330,0,0,0,0,0,0.0,0.0,0.0,0.0
0.0025229454040527344,0,0,0,0,0,0,0.0,0.0,0.0,0.0
0.004286050796508789,0,0,0,0,0,0,0.0,0.0,0.0,0.0
0.005299091339111328,0,0,0,0,0,0,0.0,0.0,0.0,0.0
0.004850864410400391,501,0,0,0,0,0,0.0,0.0,0.0,0.0
1.621246337890625e-05,487,0,0,0,0,0,0.0,0.0,0.0,0.0
2.86102294921875e-06,330,0,0,0,0,0,0.0,0.0,0.0,0.0
0.0005180835723876953,0,0,0,0,0,0,0.0,0.0,0.0,0.0
0.005281925201416016,0,0,0,0,0,0,0.0,0.0,0.0,0.0
0.005321979522705078,0,0,0,0,0,0,0.0,0.0,0.0,0.0
0.0025949478149414062,501,0,0,0,0,0,0.0,0.0,0.0,0.0
2.9087066650390625e-05,487,0,0,0,0,0,0.0,0.0,0.0,0.0
8.106231689453125e-06,330,0,0,0,0,0,0.0,0.0,0.0,0.0
0.0027070045471191406,0,0,0,0,0,0,0.0,0.0,0.0,0.0
0.004246950149536133,0,0,0,0,0,0,0.0,0.0,0.0,0.0
0.005307912826538086,0,0,0,0,0,0,0.0,0.0,0.0,0.0
0.004626035690307617,501,0,0,0,0,0,0.0,0.0,0.0,0.0
0.0006930828094482422,0,0,0,0,0,0,0.0,0.0,0.0,0.0
0.000370025634765625,487,0,0,0,0,0,0.0,0.0,0.0,0.0
3.814697265625e-06,330,0,0,0,0,0,0.0,0.0,0.0,0.0
0.004906177520751953,0,0,0,0,0,0,0.0,0.0,0.0,0.0
0.005278825759887695,0,0,0,0,0,0,0.0,0.0,0.0,0.0
0.0035271644592285156,501,0,0,0,0,0,0.0,0.0,0.0,0.0
1.2874603271484375e-05,487,0,0,0,0,0,0.0,0.0,0.0,0.0
0.0017809867858886719,0,0,0,0,0,0,0.0,0.0,0.0,0.0
0.0003609657287597656,330,0,0,0,0,0,0.0,0.0,0.0,0.0
0.003892183303833008,0,0,0,0,0,0,0.0,0.0,0.0,0.0
0.005289793014526367,0,0,0,0,0,0,0.0,0.0,0.0,0.0
0.0045092105865478516,501,0,0,0,0,0,0.0,0.0,0.0,0.0
1.7881393432617188e-05,487,0,0,0,0,0,0.0,0.0,0.0,0.0
5.0067901611328125e-06,330,0,0,0,0,0,0.0,0.0,0.0,0.0
0.0007550716400146484,0,0,0,0,0,0,0.0,0.0,0.0,0.0
0.005326032638549805,0,0,0,0,0,0,0.0,0.0,0.0,0.0
0.005302906036376953,0,0,0,0,0,0,0.0,0.0,0.0,0.0
0.005290985107421875,0,0,0,0,0,0,0.0,0.0,0.0,0.0
0.00023293495178222656,501,0,0,0,0,0,0.0,0.0,0.0,0.0
7.152557373046875e-06,487,0,0,0,0,0,0.0,0.0,0.0,0.0
3.814697265625e-06,330,0,0,0,0,0,0.0,0.0,0.0,0.0
0.004055023193359375,0,0,0,0,0,0,0.0,0.0,0.0,0.0
0.005315065383911133,0,0,0,0,0,0,0.0,0.0,0.0,0.0
0.005278110504150391,0,0,0,0,0,0,0.0,0.0,0.0,0.0
0.00015282630920410156,501,0,0,0,0,0,0.0,0.0,0.0,0.0
8.106231689453125e-06,487,0,0,0,0,0,0.0,0.0,0.0,0.0
4.0531158447265625e-06,330,0,0,0,0,0,0.0,0.0,0.0,0.0
0.005113840103149414,0,0,0,0,0,0,0.0,0.0,0.0,0.0
0.00519108772277832,0,0,0,0,0,0,0.0,0.0,0.0,0.0
0.005296945571899414,0,0,0,0,0,0,0.0,0.0,0.0,0.0
0.0022940635681152344,501,0,0,0,0,0,0.0,0.0,0.0,0.0
1.4066696166992188e-05,487,0,0,0,0,0,0.0,0.0,0.0,0.0
1.9073486328125e-06,330,0,0,0,0,0,0.0,0.0,0.0,0.0
0.0019159317016601562,0,0,0,0,0,0,0.0,0.0,0.0,0.0
0.005277156829833984,0,0,0,0,0,0,0.0,0.0,0.0,0.0
0.0052318572998046875,0,0,0,0,0,0,0.0,0.0,0.0,0.0
0.0044040679931640625,501,0,0,0,0,0,0.0,0.0,0.0,0.0
1.6927719116210938e-05,487,0,0,0,0,0,0.0,0.0,0.0,0.0
5.0067901611328125e-06,330,0,0,0,0,0,0.0,0.0,0.0,0.0
0.0008511543273925781,0,0,0,0,0,0,0.0,0.0,0.0,0.0
0.006320953369140625,0,0,0,0,0,0,0.0,0.0,0.0,0.0
0.005244016647338867,0,0,0,0,0,0,0.0,0.0,0.0,0.0
0.0012660026550292969,501,0,0,0,0,0,0.0,0.0,0.0,0.0
1.1920928955078125e-05,487,0,0,0,0,0,0.0,0.0,0.0,0.0
3.0994415283203125e-06,330,0,0,0,0,0,0.0,0.0,0.0,0.0
0.0040128231048583984,0,0,0,0,0,0,0.0,0.0,0.0,0.0
0.005290985107421875,0,0,0,0,0,0,0.0,0.0,0.0,0.0
0.005269050598144531,0,0,0,0,0,0,0.0,0.0,0.0,0.0
0.0022530555725097656,501,0,0,0,0,0,0.0,0.0,0.0,0.0
8.106231689453125e-06,487,0,0,0,0,0,0.0,0.0,0.0,0.0
2.86102294921875e-06,330,0,0,0,0,0,0.0,0.0,0.0,0.0
0.0030450820922851562,0,0,0,0,0,0,0.0,0.0,0.0,0.0
0.0052759647369384766,0,0,0,0,0,0,0.0,0.0,0.0,0.0
0.00421595573425293,0,0,0,0,0,0,0.0,0.0,0.0,0.0
0.0022020339965820312,501,0,0,0,0,0,0.0,0.0,0.0,0.0
9.059906005859375e-06,487,0,0,0,0,0,0.0,0.0,0.0,0.0
4.0531158447265625e-06,330,0,0,0,0,0,0.0,0.0,0.0,0.0
0.003058910369873047,0,0,0,0,0,0,0.0,0.0,0.0,0.0
0.005277872085571289,0,0,0,0,0,0,0.0,0.0,0.0,0.0
0.005273103713989258,0,0,0,0,0,0,0.0,0.0,0.0,0.0
0.005233049392700195,0,0,0,0,0,0,0.0,0.0,0.0,0.0
7.891654968261719e-05,501,0,0,0,0,0,0.0,0.0,0.0,0.0
9.059906005859375e-06,487,0,0,0,0,0,0.0,0.0,0.0,0.0
2.86102294921875e-06,330,0,0,0,0,0,0.0,0.0,0.0,0.0
0.005187034606933594,0,0,0,0,0,0,0.0,0.0,0.0,0.0
0.005280017852783203,0,0,0,0,0,0,0.0,0.0,0.0,0.0
0.003206968307495117,501,0,0,0,0,0,0.0,0.0,0.0,0.0
1.2159347534179688e-05,487,0,0,0,0,0,0.0,0.0,0.0,0.0
3.814697265625e-06,330,0,0,0,0,0,0.0,0.0,0.0,0.0
0.0020530223846435547,0,0,0,0,0,0,0.0,0.0,0.0,0.0
0.004235029220581055,0,0,0,0,0,0,0.0,0.0,0.0,0.0
0.0052700042724609375,0,0,0,0,0,0,0.0,0.0,0.0,0.0
0.0042150020599365234,501,0,0,0,0,0,0.0,0.0,0.0,0.0
7.152557373046875e-06,487,0,0,0,0,0,0.0,0.0,0.0,0.0
2.86102294921875e-06,330,0,0,0,0,0,0.0,0.0,0.0,0.0
0.0010399818420410156,0,0,0,0,0,0,0.0,0.0,0.0,0.0
0.005280971527099609,0,0,0,0,0,0,0.0,0.0,0.0,0.0
0.005277156829833984,0,0,0,0,0,0,0.0,0.0,0.0,0.0
0.005228996276855469,0,0,0,0,0,0,0.0,0.0,0.0,0.0
9.5367431640625e-07,501,0,0,0,0,0,0.0,0.0,0.0,0.0
5.9604644775390625e-06,487,0,0,0,0,0,0.0,0.0,0.0,0.0
3.0994415283203125e-06,330,0,0,0,0,0,0.0,0.0,0.0,0.0
0.0052738189697265625,0,0,0,0,0,0,0.0,0.0,0.0,0.0
0.004302024841308594,0,0,0,0,0,0,0.0,0.0,0.0,0.0
0.005243062973022461,501,0,0,0,0,0,0.0,0.0,0.0,0.0
1.3113021850585938e-05,487,0,0,0,0,0,0.0,0.0,0.0,0.0
2.86102294921875e-06,330,0,0,0,0,0,0.0,0.0,0.0,0.0
5.412101745605469e-05,0,0,0,0,0,0,0.0,0.0,0.0,0.0
0.005285024642944336,0,0,0,0,0,0,0.0,0.0,0.0,0.0
0.005324840545654297,0,0,0,0,0,0,0.0,0.0,0.0,0.0
0.005419015884399414,0,0,0,0,0,0,0.0,0.0,0.0,0.0
0.003056049346923828,501,0,0,0,0,0,0.0,0.0,0.0,0.0
1.1920928955078125e-05,487,0,0,0,0,0,0.0,0.0,0.0,0.0
3.0994415283203125e-06,330,0,0,0,0,0,0.0,0.0,0.0,0.0
0.0011968612670898438,0,0,0,0,0,0,0.0,0.0,0.0,0.0
0.005293130874633789,0,0,0,0,0,0,0.0,0.0,0.0,0.0
0.0052950382232666016,0,0,0,0,0,0,0.0,0.0,0.0,0.0
0.0008828639984130859,501,0,0,0,0,0,0.0,0.0,0.0,0.0
7.152557373046875e-06,487,0,0,0,0,0,0.0,0.0,0.0,0.0
3.814697265625e-06,330,0,0,0,0,0,0.0,0.0,0.0,0.0
0.004389047622680664,0,0,0,0,0,0,0.0,0.0,0.0,0.0
0.005280017852783203,0,0,0,0,0,0,0.0,0.0,0.0,0.0
0.005326032638549805,0,0,0,0,0,0,0.0,0.0,0.0,0.0
0.0009679794311523438,501,0,0,0,0,0,0.0,0.0,0.0,0.0
9.059906005859375e-06,487,0,0,0,0,0,0.0,0.0,0.0,0.0
2.86102294921875e-06,330,0,0,0,0,0,0.0,0.0,0.0,0.0
0.00427699089050293,0,0,0,0,0,0,0.0,0.0,0.0,0.0
0.004246234893798828,0,0,0,0,0,0,0.0,0.0,0.0,0.0
0.005346775054931641,0,0,0,0,0,0,0.0,0.0,0.0,0.0
0.0032122135162353516,501,0,0,0,0,0,0.0,0.0,0.0,0.0
1.2874603271484375e-05,487,0,0,0,0,0,0.0,0.0,0.0,0.0
3.0994415283203125e-06,330,0,0,0,0,0,0.0,0.0,0.0,0.0
0.0020890235900878906,0,0,0,0,0,0,0.0,0.0,0.0,0.0
0.005281925201416016,0,0,0,0,0,0,0.0,0.0,0.0,0.0
0.005338907241821289,0,0,0,0,0,0,0.0,0.0,0.0,0.0
0.0031621456146240234,501,0,0,0,0,0,0.0,0.0,0.0,0.0
1.3828277587890625e-05,487,0,0,0,0,0,0.0,0.0,0.0,0.0
3.0994415283203125e-06,330,0,0,0,0,0,0.0,0.0,0.0,0.0
0.0021190643310546875,0,0,0,0,0,0,0.0,0.0,0.0,0.0
0.005288839340209961,0,0,0,0,0,0,0.0,0.0,0.0,0.0
0.00424504280090332,0,0,0,0,0,0,0.0,0.0,0.0,0.0
0.005319118499755859,0,0,0,0,0,0,0.0,0.0,0.0,0.0
0.0009918212890625,501,0,0,0,0,0,0.0,0.0,0.0,0.0
7.152557373046875e-06,487,0,0,0,0,0,0.0,0.0,0.0,0.0
4.0531158447265625e-06,330,0,0,0,0,0,0.0,0.0,0.0,0.0
0.004287004470825195,0,0,0,0,0,0,0.0,0.0,0.0,0.0
0.0052797794342041016,0,0,0,0,0,0,0.0,0.0,0.0,0.0
0.004228115081787109,501,0,0,0,0,0,0.0,0.0,0.0,0.0
5.602836608886719e-05,487,0,0,0,0,0,0.0,0.0,0.0,0.0
1.5020370483398438e-05,330,0,0,0,0,0,0.0,0.0,0.0,0.0
0.0010409355163574219,0,0,0,0,0,0,0.0,0.0,0.0,0.0
0.004251956939697266,0,0,0,0,0,0,0.0,0.0,0.0,0.0
0.005285024642944336,0,0,0,0,0,0,0.0,0.0,0.0,0.0
0.005316972732543945,501,0,0,0,0,0,0.0,0.0,0.0,0.0
3.0994415283203125e-06,0,0,0,0,0,0,0.0,0.0,0.0,0.0
1.5974044799804688e-05,487,0,0,0,0,0,0.0,0.0,0.0,0.0
1.9073486328125e-06,330,0,0,0,0,0,0.0,0.0,0.0,0.0
0.005277156829833984,0,0,0,0,0,0,0.0,0.0,0.0,0.0
0.005293846130371094,0,0,0,0,0,0,0.0,0.0,0.0,0.0
0.005347013473510742,0,0,0,0,0,0,0.0,0.0,0.0,0.0
0.0009751319885253906,501,0,0,0,0,0,0.0,0.0,0.0,0.0
3.3855438232421875e-05,487,0,0,0,0,0,0.0,0.0,0.0,0.0
3.314018249511719e-05,330,0,0,0,0,0,0.0,0.0,0.0,0.0
0.0032558441162109375,0,0,0,0,0,0,0.0,0.0,0.0,0.0
0.005290031433105469,0,0,0,0,0,0,0.0,0.0,0.0,0.0
0.005290985107421875,0,0,0,0,0,0,0.0,0.0,0.0,0.0
0.0010111331939697266,501,0,0,0,0,0,0.0,0.0,0.0,0.0
4.38690185546875e-05,487,0,0,0,0,0,0.0,0.0,0.0,0.0
1.0967254638671875e-05,330,0,0,0,0,0,0.0,0.0,0.0,0.0
0.004270076751708984,0,0,0,0,0,0,0.0,0.0,0.0,0.0
0.0052831172943115234,0,0,0,0,0,0,0.0,0.0,0.0,0.0
0.00529789924621582,0,0,0,0,0,0,0.0,0.0,0.0,0.0
0.003133058547973633,501,0,0,0,0,0,0.0,0.0,0.0,0.0
1.0967254638671875e-05,487,0,0,0,0,0,0.0,0.0,0.0,0.0
1.9073486328125e-06,330,0,0,0,0,0,0.0,0.0,0.0,0.0
0.001104116439819336,0,0,0,0,0,0,0.0,0.0,0.0,0.0
0.005287885665893555,0,0,0,0,0,0,0.0,0.0,0.0,0.0
0.0053060054779052734,0,0,0,0,0,0,0.0,0.0,0.0,0.0
0.0020279884338378906,501,0,0,0,0,0,0.0,0.0,0.0,0.0
1.0013580322265625e-05,487,0,0,0,0,0,0.0,0.0,0.0,0.0
4.0531158447265625e-06,330,0,0,0,0,0,0.0,0.0,0.0,0.0
0.003284931182861328,0,0,0,0,0,0,0.0,0.0,0.0,0.0
0.005292177200317383,0,0,0,0,0,0,0.0,0.0,0.0,0.0
0.00527501106262207,0,0,0,0,0,0,0.0,0.0,0.0,0.0
0.0019919872283935547,501,0,0,0,0,0,0.0,0.0,0.0,0.0
0.0010759830474853516,487,0,0,0,0,0,0.0,0.0,0.0,0.0
1.2874603271484375e-05,330,0,0,0,0,0,0.0,0.0,0.0,0.0
0.0022590160369873047,0,0,0,0,0,0,0.0,0.0,0.0,0.0
0.00427699089050293,0,0,0,0,0,0,0.0,0.0,0.0,0.0
0.005300998687744141,0,0,0,0,0,0,0.0,0.0,0.0,0.0
0.005113124847412109,501,0,0,0,0,0,0.0,0.0,0.0,0.0
4.482269287109375e-05,487,0,0,0,0,0,0.0,0.0,0.0,0.0
1.0013580322265625e-05,330,0,0,0,0,0,0.0,0.0,0.0,0.0
0.0001862049102783203,0,0,0,0,0,0,0.0,0.0,0.0,0.0
0.005342960357666016,0,0,0,0,0,0,0.0,0.0,0.0,0.0
0.00529789924621582,0,0,0,0,0,0,0.0,0.0,0.0,0.0
0.003988027572631836,501,0,0,0,0,0,0.0,0.0,0.0,0.0
1.6927719116210938e-05,487,0,0,0,0,0,0.0,0.0,0.0,0.0
3.0994415283203125e-06,330,0,0,0,0,0,0.0,0.0,0.0,0.0
0.00022602081298828125,0,0,0,0,0,0,0.0,0.0,0.0,0.0
0.005300045013427734,0,0,0,0,0,0,0.0,0.0,0.0,0.0
0.005287885665893555,0,0,0,0,0,0,0.0,0.0,0.0,0.0
0.00528407096862793,0,0,0,0,0,0,0.0,0.0,0.0,0.0
0.0018680095672607422,501,0,0,0,0,0,0.0,0.0,0.0,0.0
3.1948089599609375e-05,487,0,0,0,0,0,0.0,0.0,0.0,0.0
6.9141387939453125e-06,330,0,0,0,0,0,0.0,0.0,0.0,0.0
0.003358125686645508,0,0,0,0,0,0,0.0,0.0,0.0,0.0
0.0052759647369384766,0,0,0,0,0,0,0.0,0.0,0.0,0.0
0.005097866058349609,501,0,0,0,0,0,0.0,0.0,0.0,0.0
0.00017714500427246094,0,0,0,0,0,0,0.0,0.0,0.0,0.0
0.0008919239044189453,487,0,0,0,0,0,0.0,0.0,0.0,0.0
7.152557373046875e-06,330,0,0,0,0,0,0.0,0.0,0.0,0.0
0.004431962966918945,0,0,0,0,0,0,0.0,0.0,0.0,0.0
0.005312919616699219,0,0,0,0,0,0,0.0,0.0,0.0,0.0
0.005285978317260742,0,0,0,0,0,0,0.0,0.0,0.0,0.0
0.0007960796356201172,501,0,0,0,0,0,0.0,0.0,0.0,0.0
1.4066696166992188e-05,487,0,0,0,0,0,0.0,0.0,0.0,0.0
5.9604644775390625e-06,330,0,0,0,0,0,0.0,0.0,0.0,0.0
0.00448298454284668,0,0,0,0,0,0,0.0,0.0,0.0,0.0
0.004327058792114258,0,0,0,0,0,0,0.0,0.0,0.0,0.0
0.005366802215576172,0,0,0,0,0,0,0.0,0.0,0.0,0.0
0.001806020736694336,501,0,0,0,0,0,0.0,0.0,0.0,0.0
0.0010671615600585938,487,0,0,0,0,0,0.0,0.0,0.0,0.0
5.0067901611328125e-06,330,0,0,0,0,0,0.0,0.0,0.0,0.0
0.0024368762969970703,0,0,0,0,0,0,0.0,0.0,0.0,0.0
0.005294084548950195,0,0,0,0,0,0,0.0,0.0,0.0,0.0
0.005285978317260742,0,0,0,0,0,0,0.0,0.0,0.0,0.0
0.0017230510711669922,501,0,0,0,0,0,0.0,0.0,0.0,0.0
8.821487426757812e-06,487,0,0,0,0,0,0.0,0.0,0.0,0.0
4.0531158447265625e-06,330,0,0,0,0,0,0.0,0.0,0.0,0.0
0.003556966781616211,0,0,0,0,0,0,0.0,0.0,0.0,0.0
0.004297018051147461,0,0,0,0,0,0,0.0,0.0,0.0,0.0
0.005326032638549805,0,0,0,0,0,0,0.0,0.0,0.0,0.0
0.004846096038818359,501,0,0,0,0,0,0.0,0.0,0.0,0.0
1.2874603271484375e-05,487,0,0,0,0,0,0.0,0.0,0.0,0.0
3.0994415283203125e-06,330,0,0,0,0,0,0.0,0.0,0.0,0.0
0.00045299530029296875,0,0,0,0,0,0,0.0,0.0,0.0,0.0
0.0053558349609375,0,0,0,0,0,0,0.0,0.0,0.0,0.0
0.005312204360961914,0,0,0,0,0,0,0.0,0.0,0.0,0.0
0.0026159286499023438,501,0,0,0,0,0,0.0,0.0,0.0,0.0
1.5974044799804688e-05,487,0,0,0,0,0,0.0,0.0,0.0,0.0
5.0067901611328125e-06,330,0,0,0,0,0,0.0,0.0,0.0,0.0
0.0026519298553466797,0,0,0,0,0,0,0.0,0.0,0.0,0.0
0.004235029220581055,0,0,0,0,0,0,0.0,0.0,0.0,0.0
0.005331993103027344,0,0,0,0,0,0,0.0,0.0,0.0,0.0
0.004868030548095703,501,0,0,0,0,0,0.0,0.0,0.0,0.0
1.811981201171875e-05,487,0,0,0,0,0,0.0,0.0,0.0,0.0
3.814697265625e-06,330,0,0,0,0,0,0.0,0.0,0.0,0.0
0.00036406517028808594,0,0,0,0,0,0,0.0,0.0,0.0,0.0
0.005288124084472656,0,0,0,0,0,0,0.0,0.0,0.0,0.0
0.005337953567504883,0,0,0,0,0,0,0.0,0.0,0.0,0.0
0.00489497184753418,501,0,0,0,0,0,0.0,0.0,0.0,0.0
0.00041484832763671875,0,0,0,0,0,0,0.0,0.0,0.0,0.0
0.0006492137908935547,487,0,0,0,0,0,0.0,0.0,0.0,0.0
3.814697265625e-06,330,0,0,0,0,0,0.0,0.0,0.0,0.0
0.004636049270629883,0,0,0,0,0,0,0.0,0.0,0.0,0.0
0.005268096923828125,0,0,0,0,0,0,0.0,0.0,0.0,0.0
0.004216909408569336,0,0,0,0,0,0,0.0,0.0,0.0,0.0
0.0006251335144042969,501,0,0,0,0,0,0.0,0.0,0.0,0.0
6.9141387939453125e-06,487,0,0,0,0,0,0.0,0.0,0.0,0.0
5.0067901611328125e-06,330,0,0,0,0,0,0.0,0.0,0.0,0.0
0.0046329498291015625,0,0,0,0,0,0,0.0,0.0,0.0,0.0
0.0052950382232666016,0,0,0,0,0,0,0.0,0.0,0.0,0.0
0.005268096923828125,0,0,0,0,0,0,0.0,0.0,0.0,0.0
0.001676797866821289,501,0,0,0,0,0,0.0,0.0,0.0,0.0
5.0067901611328125e-06,487,0,0,0,0,0,0.0,0.0,0.0,0.0
3.0994415283203125e-06,330,0,0,0,0,0,0.0,0.0,0.0,0.0
0.003582000732421875,0,0,0,0,0,0,0.0,0.0,0.0,0.0
0.005285024642944336,0,0,0,0,0,0,0.0,0.0,0.0,0.0
0.0048220157623291016,501,0,0,0,0,0,0.0,0.0,0.0,0.0
0.0004448890686035156,0,0,0,0,0,0,0.0,0.0,0.0,0.0
0.0006120204925537109,487,0,0,0,0,0,0.0,0.0,0.0,0.0
3.0994415283203125e-06,330,0,0,0,0,0,0.0,0.0,0.0,0.0
0.0046520233154296875,0,0,0,0,0,0,0.0,0.0,0.0,0.0
0.004254817962646484,0,0,0,0,0,0,0.0,0.0,0.0,0.0
0.005303144454956055,0,0,0,0,0,0,0.0,0.0,0.0,0.0
0.002660989761352539,501,0,0,0,0,0,0.0,0.0,0.0,0.0
0.0010600090026855469,487,0,0,0,0,0,0.0,0.0,0.0,0.0
2.86102294921875e-06,330,0,0,0,0,0,0.0,0.0,0.0,0.0
0.0015530586242675781,0,0,0,0,0,0,0.0,0.0,0.0,0.0
0.0052950382232666016,0,0,0,0,0,0,0.0,0.0,0.0,0.0
0.005361080169677734,0,0,0,0,0,0,0.0,0.0,0.0,0.0
0.003710031509399414,501,0,0,0,0,0,0.0,0.0,0.0,0.0
1.6927719116210938e-05,487,0,0,0,0,0,0.0,0.0,0.0,0.0
5.0067901611328125e-06,330,0,0,0,0,0,0.0,0.0,0.0,0.0
0.0015709400177001953,0,0,0,0,0,0,0.0,0.0,0.0,0.0
0.004235029220581055,0,0,0,0,0,0,0.0,0.0,0.0,0.0
0.005354881286621094,0,0,0,0,0,0,0.0,0.0,0.0,0.0
0.002785205841064453,501,0,0,0,0,0,0.0,0.0,0.0,0.0
5.888938903808594e-05,487,0,0,0,0,0,0.0,0.0,0.0,0.0
1.4066696166992188e-05,330,0,0,0,0,0,0.0,0.0,0.0,0.0
0.0026018619537353516,0,0,0,0,0,0,0.0,0.0,0.0,0.0
0.005320072174072266,0,0,0,0,0,0,0.0,0.0,0.0,0.0
0.005322933197021484,0,0,0,0,0,0,0.0,0.0,0.0,0.0
0.0037910938262939453,501,0,0,0,0,0,0.0,0.0,0.0,0.0
1.0967254638671875e-05,487,0,0,0,0,0,0.0,0.0,0.0,0.0
1.9073486328125e-06,330,0,0,0,0,0,0.0,0.0,0.0,0.0
0.0004382133483886719,0,0,0,0,0,0,0.0,0.0,0.0,0.0
0.0052797794342041016,0,0,0,0,0,0,0.0,0.0,0.0,0.0
0.005311012268066406,0,0,0,0,0,0,0.0,0.0,0.0,0.0
0.002732992172241211,501,0,0,0,0,0,0.0,0.0,0.0,0.0
2.5033950805664062e-05,487,0,0,0,0,0,0.0,0.0,0.0,0.0
9.059906005859375e-06,330,0,0,0,0,0,0.0,0.0,0.0,0.0
0.002582073211669922,0,0,0,0,0,0,0.0,0.0,0.0,0.0
0.0052759647369384766,0,0,0,0,0,0,0.0,0.0,0.0,0.0
0.005287885665893555,0,0,0,0,0,0,0.0,0.0,0.0,0.0
0.004263162612915039,0,0,0,0,0,0,0.0,0.0,0.0,0.0
0.0005829334259033203,501,0,0,0,0,0,0.0,0.0,0.0,0.0
2.002716064453125e-05,487,0,0,0,0,0,0.0,0.0,0.0,0.0
5.0067901611328125e-06,330,0,0,0,0,0,0.0,0.0,0.0,0.0
0.004656076431274414,0,0,0,0,0,0,0.0,0.0,0.0,0.0
0.005285978317260742,0,0,0,0,0,0,0.0,0.0,0.0,0.0
0.003793001174926758,501,0,0,0,0,0,0.0,0.0,0.0,0.0
2.193450927734375e-05,487,0,0,0,0,0,0.0,0.0,0.0,0.0
2.86102294921875e-06,330,0,0,0,0,0,0.0,0.0,0.0,0.0
0.0015141963958740234,0,0,0,0,0,0,0.0,0.0,0.0,0.0
0.005293846130371094,0,0,0,0,0,0,0.0,0.0,0.0,0.0
0.005293130874633789,0,0,0,0,0,0,0.0,0.0,0.0,0.0
0.003804922103881836,501,0,0,0,0,0,0.0,0.0,0.0,0.0
5.0067901611328125e-05,487,0,0,0,0,0,0.0,0.0,0.0,0.0
7.867813110351562e-06,330,0,0,0,0,0,0.0,0.0,0.0,0.0
0.0004119873046875,0,0,0,0,0,0,0.0,0.0,0.0,0.0
0.005354166030883789,0,0,0,0,0,0,0.0,0.0,0.0,0.0
0.005288839340209961,0,0,0,0,0,0,0.0,0.0,0.0,0.0
0.005326986312866211,0,0,0,0,0,0,0.0,0.0,0.0,0.0
0.000576019287109375,501,0,0,0,0,0,0.0,0.0,0.0,0.0
3.0040740966796875e-05,487,0,0,0,0,0,0.0,0.0,0.0,0.0
1.5974044799804688e-05,330,0,0,0,0,0,0.0,0.0,0.0,0.0
0.00469517707824707,0,0,0,0,0,0,0.0,0.0,0.0,0.0
0.005241870880126953,0,0,0,0,0,0,0.0,0.0,0.0,0.0
0.0042269229888916016,0,0,0,0,0,0,0.0,0.0,0.0,0.0
0.0016541481018066406,501,0,0,0,0,0,0.0,0.0,0.0,0.0
1.5974044799804688e-05,487,0,0,0,0,0,0.0,0.0,0.0,0.0
2.86102294921875e-06,330,0,0,0,0,0,0.0,0.0,0.0,0.0
0.0035910606384277344,0,0,0,0,0,0,0.0,0.0,0.0,0.0
0.005270957946777344,0,0,0,0,0,0,0.0,0.0,0.0,0.0
0.0052301883697509766,0,0,0,0,0,0,0.0,0.0,0.0,0.0
0.0027878284454345703,501,0,0,0,0,0,0.0,0.0,0.0,0.0
2.002716064453125e-05,487,0,0,0,0,0,0.0,0.0,0.0,0.0
5.9604644775390625e-06,330,0,0,0,0,0,0.0,0.0,0.0,0.0
0.002474069595336914,0,0,0,0,0,0,0.0,0.0,0.0,0.0
0.005273103713989258,0,0,0,0,0,0,0.0,0.0,0.0,0.0
0.0052928924560546875,0,0,0,0,0,0,0.0,0.0,0.0,0.0
0.0007069110870361328,501,0,0,0,0,0,0.0,0.0,0.0,0.0
0.0010771751403808594,487,0,0,0,0,0,0.0,0.0,0.0,0.0
6.9141387939453125e-06,330,0,0,0,0,0,0.0,0.0,0.0,0.0
0.0035309791564941406,0,0,0,0,0,0,0.0,0.0,0.0,0.0
0.004250049591064453,0,0,0,0,0,0,0.0,0.0,0.0,0.0
0.005277872085571289,0,0,0,0,0,0,0.0,0.0,0.0,0.0
0.004904031753540039,501,0,0,0,0,0,0.0,0.0,0.0,0.0
1.811981201171875e-05,487,0,0,0,0,0,0.0,0.0,0.0,0.0
2.86102294921875e-06,330,0,0,0,0,0,0.0,0.0,0.0,0.0
0.0003540515899658203,0,0,0,0,0,0,0.0,0.0,0.0,0.0
0.005269050598144531,0,0,0,0,0,0,0.0,0.0,0.0,0.0
0.005280971527099609,0,0,0,0,0,0,0.0,0.0,0.0,0.0
0.004925966262817383,501,0,0,0,0,0,0.0,0.0,0.0,0.0
1.811981201171875e-05,487,0,0,0,0,0,0.0,0.0,0.0,0.0
4.0531158447265625e-06,330,0,0,0,0,0,0.0,0.0,0.0,0.0
0.00033283233642578125,0,0,0,0,0,0,0.0,0.0,0.0,0.0
0.005305051803588867,0,0,0,0,0,0,0.0,0.0,0.0,0.0
0.004228115081787109,0,0,0,0,0,0,0.0,0.0,0.0,0.0
0.005282878875732422,0,0,0,0,0,0,0.0,0.0,0.0,0.0
0.0017910003662109375,501,0,0,0,0,0,0.0,0.0,0.0,0.0
1.6927719116210938e-05,487,0,0,0,0,0,0.0,0.0,0.0,0.0
4.0531158447265625e-06,330,0,0,0,0,0,0.0,0.0,0.0,0.0
0.003492116928100586,0,0,0,0,0,0,0.0,0.0,0.0,0.0
0.00527501106262207,0,0,0,0,0,0,0.0,0.0,0.0,0.0
0.0049669742584228516,501,0,0,0,0,0,0.0,0.0,0.0,0.0
1.5020370483398438e-05,487,0,0,0,0,0,0.0,0.0,0.0,0.0
2.86102294921875e-06,330,0,0,0,0,0,0.0,0.0,0.0,0.0
0.00028896331787109375,0,0,0,0,0,0,0.0,0.0,0.0,0.0
0.005304098129272461,0,0,0,0,0,0,0.0,0.0,0.0,0.0
0.004208087921142578,0,0,0,0,0,0,0.0,0.0,0.0,0.0
0.005003929138183594,501,0,0,0,0,0,0.0,0.0,0.0,0.0
1.4066696166992188e-05,487,0,0,0,0,0,0.0,0.0,0.0,0.0
3.814697265625e-06,330,0,0,0,0,0,0.0,0.0,0.0,0.0
0.0002491474151611328,0,0,0,0,0,0,0.0,0.0,0.0,0.0
0.0052928924560546875,0,0,0,0,0,0,0.0,0.0,0.0,0.0
0.005305051803588867,0,0,0,0,0,0,0.0,0.0,0.0,0.0
0.0052759647369384766,0,0,0,0,0,0,0.0,0.0,0.0,0.0
0.0018651485443115234,501,0,0,0,0,0,0.0,0.0,0.0,0.0
1.0967254638671875e-05,487,0,0,0,0,0,0.0,0.0,0.0,0.0
3.814697265625e-06,330,0,0,0,0,0,0.0,0.0,0.0,0.0
0.0033991336822509766,0,0,0,0,0,0,0.0,0.0,0.0,0.0
0.005316972732543945,0,0,0,0,0,0,0.0,0.0,0.0,0.0
0.004260063171386719,0,0,0,0,0,0,0.0,0.0,0.0,0.0
0.0008118152618408203,501,0,0,0,0,0,0.0,0.0,0.0,0.0
1.71661376953125e-05,487,0,0,0,0,0,0.0,0.0,0.0,0.0
5.0067901611328125e-06,330,0,0,0,0,0,0.0,0.0,0.0,0.0
0.004437923431396484,0,0,0,0,0,0,0.0,0.0,0.0,0.0
0.0052890777587890625,0,0,0,0,0,0,0.0,0.0,0.0,0.0
0.005274057388305664,0,0,0,0,0,0,0.0,0.0,0.0,0.0
0.0029518604278564453,501,0,0,0,0,0,0.0,0.0,0.0,0.0
1.4066696166992188e-05,487,0,0,0,0,0,0.0,0.0,0.0,0.0
0.0010559558868408203,330,0,0,0,0,0,0.0,0.0,0.0,0.0
0.001252889633178711,0,0,0,0,0,0,0.0,0.0,0.0,0.0
0.005305051803588867,0,0,0,0,0,0,0.0,0.0,0.0,0.0
0.0052890777587890625,0,0,0,0,0,0,0.0,0.0,0.0,0.0
0.0008380413055419922,501,0,0,0,0,0,0.0,0.0,0.0,0.0
1.0013580322265625e-05,487,0,0,0,0,0,0.0,0.0,0.0,0.0
6.9141387939453125e-06,330,0,0,0,0,0,0.0,0.0,0.0,0.0
0.004424095153808594,0,0,0,0,0,0,0.0,0.0,0.0,0.0
0.0042269229888916016,0,0,0,0,0,0,0.0,0.0,0.0,0.0
0.00530695915222168,0,0,0,0,0,0,0.0,0.0,0.0,0.0
0.004027128219604492,501,0,2,0,0,0,0.0,0.0,0.0,0.0
0.001071929931640625,487,0,0,0,0,0,0.0,0.0,0.0,0.0
7.867813110351562e-06,330,0,0,0,0,0,0.0,0.0,0.0,0.0
0.00017118453979492188,0,0,0,0,0,0,0.0,0.0,0.0,0.0
0.005260944366455078,0,0,0,0,0,0,0.0,0.0,0.0,0.0
0.005408048629760742,0,0,0,0,0,0,0.0,0.0,0.0,0.0
0.0028748512268066406,501,0,4,0,0,0,0.0,0.0,0.0,0.0
9.059906005859375e-06,487,0,0,0,0,0,0.0,0.0,0.0,0.0
1.9073486328125e-06,330,0,0,0,0,0,0.0,0.0,0.0,0.0
0.002409219741821289,0,0,0,0,0,0,0.0,0.0,0.0,0.0
0.0042819976806640625,0,0,0,0,0,0,0.0,0.0,0.0,0.0
0.00530695915222168,0,0,0,0,0,0,0.0,0.0,0.0,0.0
0.0038428306579589844,501,0,6,0,0,0,0.0,0.0,0.0,0.0
1.3113021850585938e-05,487,0,0,0,0,0,0.0,0.0,0.0,0.0
1.9073486328125e-06,330,0,0,0,0,0,0.0,0.0,0.0,0.0
0.0014190673828125,0,0,0,0,0,0,0.0,0.0,0.0,0.0
0.005294084548950195,0,0,0,0,0,0,0.0,0.0,0.0,0.0
0.005360841751098633,0,0,0,0,0,0,0.0,0.0,0.0,0.0
0.005323171615600586,0,0,0,0,0,0,0.0,0.0,0.0,0.0
0.0005719661712646484,501,0,8,0,0,0,0.0,0.0,0.0,0.0
1.5020370483398438e-05,487,0,0,0,0,0,0.0,0.0,0.0,0.0
4.0531158447265625e-06,330,0,0,0,0,0,0.0,0.0,0.0,0.0
0.0036468505859375,0,0,0,0,0,0,0.0,0.0,0.0,0.0
0.005321979522705078,0,0,0,0,0,0,0.0,0.0,0.0,0.0
0.00533604621887207,0,0,0,0,0,0,0.0,0.0,0.0,0.0
0.0025849342346191406,501,0,10,0,0,0,0.0,0.0,0.0,0.0
1.3113021850585938e-05,487,0,0,0,0,0,0.0,0.0,0.0,0.0
5.0067901611328125e-06,330,0,0,0,0,0,0.0,0.0,0.0,0.0
0.0026879310607910156,0,0,0,0,0,0,0.0,0.0,0.0,0.0
0.005316972732543945,0,0,0,0,0,0,0.0,0.0,0.0,0.0
0.005326032638549805,0,0,0,0,0,0,0.0,0.0,0.0,0.0
0.0025010108947753906,501,0,12,0,0,0,0.0,0.0,0.0,0.0
0.001068115234375,487,0,0,0,0,0,0.0,0.0,0.0,0.0
5.9604644775390625e-06,330,0,0,0,0,0,0.0,0.0,0.0,0.0
0.000659942626953125,0,0,0,0,0,0,0.0,0.0,0.0,0.0
0.005287885665893555,0,0,0,0,0,0,0.0,0.0,0.0,0.0
0.005377054214477539,0,0,0,0,0,0,0.0,0.0,0.0,0.0
0.00032711029052734375,501,0,14,0,0,0,0.0,0.0,0.0,0.0
8.821487426757812e-06,487,0,0,0,0,0,0.0,0.0,0.0,0.0
5.0067901611328125e-06,330,0,0,0,0,0,0.0,0.0,0.0,0.0
0.0049741268157958984,0,0,0,0,0,0,0.0,0.0,0.0,0.0
0.005280017852783203,0,0,0,0,0,0,0.0,0.0,0.0,0.0
0.0042760372161865234,0,0,0,0,0,0,0.0,0.0,0.0,0.0
0.0034019947052001953,501,0,16,0,0,0,0.0,0.0,0.0,0.0
1.0967254638671875e-05,487,0,0,0,0,0,0.0,0.0,0.0,0.0
1.9073486328125e-06,330,0,0,0,0,0,0.0,0.0,0.0,0.0
0.001911163330078125,0,0,0,0,0,0,0.0,0.0,0.0,0.0
0.0052869319915771484,0,0,0,0,0,0,0.0,0.0,0.0,0.0
0.005279064178466797,0,0,0,0,0,0,0.0,0.0,0.0,0.0
0.003422975540161133,501,0,18,0,0,0,0.0,0.0,0.0,0.0
3.2901763916015625e-05,487,0,0,0,0,0,0.0,0.0,0.0,0.0
8.106231689453125e-06,330,0,0,0,0,0,0.0,0.0,0.0,0.0
0.0018908977508544922,0,0,0,0,0,0,0.0,0.0,0.0,0.0
0.005280971527099609,0,0,0,0,0,0,0.0,0.0,0.0,0.0
0.005294084548950195,0,0,0,0,0,0,0.0,0.0,0.0,0.0
0.0023589134216308594,501,0,20,0,0,0,0.0,0.0,0.0,0.0
2.5033950805664062e-05,487,0,0,0,0,0,0.0,0.0,0.0,0.0
8.106231689453125e-06,330,0,0,0,0,0,0.0,0.0,0.0,0.0
0.0029180049896240234,0,0,0,0,0,0,0.0,0.0,0.0,0.0
0.005280971527099609,0,0,0,0,0,0,0.0,0.0,0.0,0.0
0.005312919616699219,0,0,0,0,0,0,0.0,0.0,0.0,0.0
0.004285097122192383,0,0,0,0,0,0,0.0,0.0,0.0,0.0
0.00016689300537109375,501,0,22,0,0,0,0.0,0.0,0.0,0.0
6.9141387939453125e-06,487,0,0,0,0,0,0.0,0.0,0.0,0.0
4.0531158447265625e-06,330,0,0,0,0,0,0.0,0.0,0.0,0.0
0.00510096549987793,0,0,0,0,0,0,0.0,0.0,0.0,0.0
0.005278110504150391,0,0,0,0,0,0,0.0,0.0,0.0,0.0
0.003300905227661133,501,0,24,0,0,0,0.0,0.0,0.0,0.0
1.4066696166992188e-05,487,0,0,0,0,0,0.0,0.0,0.0,0.0
3.0994415283203125e-06,330,0,0,0,0,0,0.0,0.0,0.0,0.0
0.0019779205322265625,0,0,0,0,0,0,0.0,0.0,0.0,0.0
0.0052759647369384766,0,0,0,0,0,0,0.0,0.0,0.0,0.0
0.005269050598144531,0,0,0,0,0,0,0.0,0.0,0.0,0.0
0.004227876663208008,0,0,0,0,0,0,0.0,0.0,0.0,0.0
0.0012161731719970703,501,0,26,0,0,0,0.0,0.0,0.0,0.0
3.981590270996094e-05,487,0,0,0,0,0,0.0,0.0,0.0,0.0
1.3113021850585938e-05,330,0,0,0,0,0,0.0,0.0,0.0,0.0
0.004049062728881836,0,0,0,0,0,0,0.0,0.0,0.0,0.0
0.005283832550048828,0,0,0,0,0,0,0.0,0.0,0.0,0.0
0.00439000129699707,501,0,28,0,0,0,0.0,0.0,0.0,0.0
1.811981201171875e-05,487,0,0,0,0,0,0.0,0.0,0.0,0.0
4.0531158447265625e-06,330,0,0,0,0,0,0.0,0.0,0.0,0.0
0.0008759498596191406,0,0,0,0,0,0,0.0,0.0,0.0,0.0
0.005295991897583008,0,0,0,0,0,0,0.0,0.0,0.0,0.0
0.005279064178466797,0,0,0,0,0,0,0.0,0.0,0.0,0.0
0.004345893859863281,501,0,30,0,0,0,0.0,0.0,0.0,0.0
6.9141387939453125e-06,487,0,0,0,0,0,0.0,0.0,0.0,0.0
4.0531158447265625e-06,330,0,0,0,0,0,0.0,0.0,0.0,0.0
0.0009310245513916016,0,0,0,0,0,0,0.0,0.0,0.0,0.0
0.00428009033203125,0,0,0,0,0,0,0.0,0.0,0.0,0.0
0.005291938781738281,0,0,0,0,0,0,0.0,0.0,0.0,0.0
0.0052831172943115234,0,0,0,0,0,0,0.0,0.0,0.0,0.0
0.0022449493408203125,501,0,32,0,0,0,0.0,0.0,0.0,0.0
2.09808349609375e-05,487,0,0,0,0,0,0.0,0.0,0.0,0.0
2.86102294921875e-06,330,0,0,0,0,0,0.0,0.0,0.0,0.0
0.0030410289764404297,0,0,0,0,0,0,0.0,0.0,0.0,0.0
0.0052831172943115234,0,0,0,0,0,0,0.0,0.0,0.0,0.0
0.005301952362060547,0,0,0,0,0,0,0.0,0.0,0.0,0.0
0.00011610984802246094,501,0,34,0,0,0,0.0,0.0,0.0,0.0
3.4809112548828125e-05,487,0,0,0,0,0,0.0,0.0,0.0,0.0
0.0010590553283691406,330,0,0,0,0,0,0.0,0.0,0.0,0.0
0.003047943115234375,0,0,0,0,0,0,0.0,0.0,0.0,0.0
0.005352973937988281,0,0,0,0,0,0,0.0,0.0,0.0,0.0
0.005318164825439453,0,0,0,0,0,0,0.0,0.0,0.0,0.0
0.0032188892364501953,501,0,36,0,0,0,0.0,0.0,0.0,0.0
2.5987625122070312e-05,487,0,0,0,0,0,0.0,0.0,0.0,0.0
7.152557373046875e-06,330,0,0,0,0,0,0.0,0.0,0.0,0.0
0.0020380020141601562,0,0,0,0,0,0,0.0,0.0,0.0,0.0
0.00533294677734375,0,0,0,0,0,0,0.0,0.0,0.0,0.0
0.005300998687744141,0,0,0,0,0,0,0.0,0.0,0.0,0.0
0.002165079116821289,501,0,38,0,0,0,0.0,0.0,0.0,0.0
1.1920928955078125e-05,487,0,0,0,0,0,0.0,0.0,0.0,0.0
0.0020978450775146484,0,0,0,0,0,0,0.0,0.0,0.0,0.0
3.409385681152344e-05,330,0,0,0,0,0,0.0,0.0,0.0,0.0
0.005280971527099609,0,0,0,0,0,0,0.0,0.0,0.0,0.0
0.0052721500396728516,0,0,0,0,0,0,0.0,0.0,0.0,0.0
0.004208803176879883,501,0,40,0,0,0,0.0,0.0,0.0,0.0
1.1205673217773438e-05,487,0,0,0,0,0,0.0,0.0,0.0,0.0
1.9073486328125e-06,330,0,0,0,0,0,0.0,0.0,0.0,0.0
0.0010509490966796875,0,0,0,0,0,0,0.0,0.0,0.0,0.0
0.005300045013427734,0,0,0,0,0,0,0.0,0.0,0.0,0.0
0.005274057388305664,0,0,0,0,0,0,0.0,0.0,0.0,0.0
0.005228996276855469,501,0,42,0,0,0,0.0,0.0,0.0,0.0
7.867813110351562e-06,487,0,0,0,0,0,0.0,0.0,0.0,0.0
2.1457672119140625e-06,330,0,0,0,0,0,0.0,0.0,0.0,0.0
1.8835067749023438e-05,0,0,0,0,0,0,0.0,0.0,0.0,0.0
0.004238128662109375,0,0,0,0,0,0,0.0,0.0,0.0,0.0
0.005233049392700195,0,0,0,0,0,0,0.0,0.0,0.0,0.0
0.004202842712402344,501,0,44,0,0,0,0.0,0.0,0.0,0.0
7.152557373046875e-06,487,0,0,0,0,0,0.0,0.0,0.0,0.0
2.86102294921875e-06,330,0,0,0,0,0,0.0,0.0,0.0,0.0
0.0010600090026855469,0,0,0,0,0,0,0.0,0.0,0.0,0.0
0.005265951156616211,0,0,0,0,0,0,0.0,0.0,0.0,0.0
0.005280017852783203,0,0,0,0,0,0,0.0,0.0,0.0,0.0
0.0052700042724609375,0,0,0,0,0,0,0.0,0.0,0.0,0.0
0.0010211467742919922,501,0,46,0,0,0,0.0,0.0,0.0,0.0
6.9141387939453125e-06,487,0,0,0,0,0,0.0,0.0,0.0,0.0
3.0994415283203125e-06,330,0,0,0,0,0,0.0,0.0,0.0,0.0
0.004244804382324219,0,0,0,0,0,0,0.0,0.0,0.0,0.0
0.005285024642944336,0,0,0,0,0,0,0.0,0.0,0.0,0.0
0.005204200744628906,501,0,48,0,0,0,0.0,0.0,0.0,0.0
8.821487426757812e-06,487,0,0,0,0,0,0.0,0.0,0.0,0.0
4.0531158447265625e-06,330,0,0,0,0,0,0.0,0.0,0.0,0.0
5.1975250244140625e-05,0,0,0,0,0,0,0.0,0.0,0.0,0.0
0.004230976104736328,0,0,0,0,0,0,0.0,0.0,0.0,0.0
0.00530695915222168,0,0,0,0,0,0,0.0,0.0,0.0,0.0
0.005277156829833984,0,0,0,0,0,0,0.0,0.0,0.0,0.0
0.0009889602661132812,501,0,50,0,0,0,0.0,0.0,0.0,0.0
1.6927719116210938e-05,487,0,0,0,0,0,0.0,0.0,0.0,0.0
5.9604644775390625e-06,330,0,0,0,0,0,0.0,0.0,0.0,0.0
0.004271984100341797,0,0,0,0,0,0,0.0,0.0,0.0,0.0
0.005331993103027344,0,0,0,0,0,0,0.0,0.0,0.0,0.0
0.00533604621887207,0,0,0,0,0,0,0.0,0.0,0.0,0.0
0.0020079612731933594,501,0,52,0,0,0,0.0,0.0,0.0,0.0
1.71661376953125e-05,487,0,0,0,0,0,0.0,0.0,0.0,0.0
5.0067901611328125e-06,330,0,0,0,0,0,0.0,0.0,0.0,0.0
0.002216815948486328,0,0,0,0,0,0,0.0,0.0,0.0,0.0
0.005297183990478516,0,0,0,0,0,0,0.0,0.0,0.0,0.0
0.005352020263671875,0,0,0,0,0,0,0.0,0.0,0.0,0.0
0.004149913787841797,501,0,54,0,0,0,0.0,0.0,0.0,0.0
1.7881393432617188e-05,487,0,0,0,0,0,0.0,0.0,0.0,0.0
6.198883056640625e-06,330,0,0,0,0,0,0.0,0.0,0.0,0.0
0.001132965087890625,0,0,0,0,0,0,0.0,0.0,0.0,0.0
0.00530695915222168,0,0,0,0,0,0,0.0,0.0,0.0,0.0
0.00533604621887207,0,0,0,0,0,0,0.0,0.0,0.0,0.0
0.004235982894897461,0,0,0,0,0,0,0.0,0.0,0.0,0.0
0.0030159950256347656,501,0,56,0,0,0,0.0,0.0,0.0,0.0
2.09808349609375e-05,487,0,0,0,0,0,0.0,0.0,0.0,0.0
5.0067901611328125e-06,330,0,0,0,0,0,0.0,0.0,0.0,0.0
0.0022630691528320312,0,0,0,0,0,0,0.0,0.0,0.0,0.0
0.005364894866943359,0,0,0,0,0,0,0.0,0.0,0.0,0.0
0.004014015197753906,501,0,58,0,0,0,0.0,0.0,0.0,0.0
1.1920928955078125e-05,487,0,0,0,0,0,0.0,0.0,0.0,0.0
2.1457672119140625e-06,330,0,0,0,0,0,0.0,0.0,0.0,0.0
0.0012760162353515625,0,0,0,0,0,0,0.0,0.0,0.0,0.0
0.005307912826538086,0,0,0,0,0,0,0.0,0.0,0.0,0.0
0.004275083541870117,0,0,0,0,0,0,0.0,0.0,0.0,0.0
0.005324840545654297,0,0,0,0,0,0,0.0,0.0,0.0,0.0
0.0027751922607421875,501,0,60,0,0,0,0.0,0.0,0.0,0.0
9.775161743164062e-06,487,0,0,0,0,0,0.0,0.0,0.0,0.0
6.198883056640625e-06,330,0,0,0,0,0,0.0,0.0,0.0,0.0
0.002502918243408203,0,0,0,0,0,0,0.0,0.0,0.0,0.0
0.0052950382232666016,0,0,0,0,0,0,0.0,0.0,0.0,0.0
0.004976034164428711,501,0,62,0,0,0,0.0,0.0,0.0,0.0
2.09808349609375e-05,487,0,0,0,0,0,0.0,0.0,0.0,0.0
4.0531158447265625e-06,330,0,0,0,0,0,0.0,0.0,0.0,0.0
0.0003159046173095703,0,0,0,0,0,0,0.0,0.0,0.0,0.0
0.00528407096862793,0,0,0,0,0,0,0.0,0.0,0.0,0.0
0.004222869873046875,0,0,0,0,0,0,0.0,0.0,0.0,0.0
0.005290031433105469,0,0,0,0,0,0,0.0,0.0,0.0,0.0
0.0018229484558105469,501,0,64,0,0,0,0.0,0.0,0.0,0.0
0.0010609626770019531,487,0,0,0,0,0,0.0,0.0,0.0,0.0
3.0994415283203125e-06,330,0,0,0,0,0,0.0,0.0,0.0,0.0
0.002402067184448242,0,0,0,0,0,0,0.0,0.0,0.0,0.0
0.005274057388305664,0,0,0,0,0,0,0.0,0.0,0.0,0.0
0.005287885665893555,0,0,0,0,0,0,0.0,0.0,0.0,0.0
0.002886056900024414,501,0,66,0,0,0,0.0,0.0,0.0,0.0
1.2874603271484375e-05,487,0,0,0,0,0,0.0,0.0,0.0,0.0
5.9604644775390625e-06,330,0,0,0,0,0,0.0,0.0,0.0,0.0
0.0023641586303710938,0,0,0,0,0,0,0.0,0.0,0.0,0.0
0.005280017852783203,0,0,0,0,0,0,0.0,0.0,0.0,0.0
0.0042629241943359375,0,0,0,0,0,0,0.0,0.0,0.0,0.0
0.0029370784759521484,501,0,68,0,0,0,0.0,0.0,0.0,0.0
2.09808349609375e-05,487,0,0,0,0,0,0.0,0.0,0.0,0.0
1.9073486328125e-06,330,0,0,0,0,0,0.0,0.0,0.0,0.0
0.002382040023803711,0,0,0,0,0,0,0.0,0.0,0.0,0.0
0.005274057388305664,0,0,0,0,0,0,0.0,0.0,0.0,0.0
0.00530695915222168,0,0,0,0,0,0,0.0,0.0,0.0,0.0
0.003982067108154297,501,0,70,0,0,0,0.0,0.0,0.0,0.0
1.0967254638671875e-05,487,0,0,0,0,0,0.0,0.0,0.0,0.0
0.0010559558868408203,330,0,0,0,0,0,0.0,0.0,0.0,0.0
0.0002810955047607422,0,0,0,0,0,0,0.0,0.0,0.0,0.0
0.00527191162109375,0,0,0,0,0,0,0.0,0.0,0.0,0.0
0.004232883453369141,0,0,0,0,0,0,0.0,0.0,0.0,0.0
0.00395512580871582,501,0,72,0,0,0,0.0,0.0,0.0,0.0
1.2874603271484375e-05,487,0,0,0,0,0,0.0,0.0,0.0,0.0
2.1457672119140625e-06,330,0,0,0,0,0,0.0,0.0,0.0,0.0
0.0013110637664794922,0,0,0,0,0,0,0.0,0.0,0.0,0.0
0.0052738189697265625,0,0,0,0,0,0,0.0,0.0,0.0,0.0
0.00528407096862793,0,0,0,0,0,0,0.0,0.0,0.0,0.0
0.005021095275878906,501,0,74,0,0,0,0.0,0.0,0.0,0.0
1.2874603271484375e-05,487,0,0,0,0,0,0.0,0.0,0.0,0.0
2.1457672119140625e-06,330,0,0,0,0,0,0.0,0.0,0.0,0.0
0.0002567768096923828,0,0,0,0,0,0,0.0,0.0,0.0,0.0
0.005271196365356445,0,0,0,0,0,0,0.0,0.0,0.0,0.0
0.005296945571899414,0,0,0,0,0,0,0.0,0.0,0.0,0.0
0.00427699089050293,0,0,0,0,0,0,0.0,0.0,0.0,0.0
0.0020580291748046875,501,0,76,0,0,0,0.0,0.0,0.0,0.0
1.8835067749023438e-05,487,0,0,0,0,0,0.0,0.0,0.0,0.0
5.0067901611328125e-06,330,0,0,0,0,0,0.0,0.0,0.0,0.0
0.0031931400299072266,0,0,0,0,0,0,0.0,0.0,0.0,0.0
0.005285024642944336,0,0,0,0,0,0,0.0,0.0,0.0,0.0
0.005300998687744141,0,0,0,0,0,0,0.0,0.0,0.0,0.0
0.0010218620300292969,501,0,78,0,0,0,0.0,0.0,0.0,0.0
1.0013580322265625e-05,487,0,0,0,0,0,0.0,0.0,0.0,0.0
4.0531158447265625e-06,330,0,0,0,0,0,0.0,0.0,0.0,0.0
0.004251003265380859,0,0,0,0,0,0,0.0,0.0,0.0,0.0
0.0052831172943115234,0,0,0,0,0,0,0.0,0.0,0.0,0.0
0.00530695915222168,0,0,0,0,0,0,0.0,0.0,0.0,0.0
0.0010328292846679688,501,0,80,0,0,0,0.0,0.0,0.0,0.0
1.1205673217773438e-05,487,0,0,0,0,0,0.0,0.0,0.0,0.0
2.86102294921875e-06,330,0,0,0,0,0,0.0,0.0,0.0,0.0
0.0032150745391845703,0,0,0,0,0,0,0.0,0.0,0.0,0.0
0.0052928924560546875,0,0,0,0,0,0,0.0,0.0,0.0,0.0
0.0052950382232666016,0,0,0,0,0,0,0.0,0.0,0.0,0.0
0.001001119613647461,501,0,82,0,0,0,0.0,0.0,0.0,0.0
7.867813110351562e-06,487,0,0,0,0,0,0.0,0.0,0.0,0.0
3.0994415283203125e-06,330,0,0,0,0,0,0.0,0.0,0.0,0.0
0.0042400360107421875,0,0,0,0,0,0,0.0,0.0,0.0,0.0
0.005288839340209961,0,0,0,0,0,0,0.0,0.0,0.0,0.0
0.0052640438079833984,0,0,0,0,0,0,0.0,0.0,0.0,0.0
0.0031571388244628906,501,0,84,0,0,0,0.0,0.0,0.0,0.0
1.4781951904296875e-05,487,0,0,0,0,0,0.0,0.0,0.0,0.0
4.0531158447265625e-06,330,0,0,0,0,0,0.0,0.0,0.0,0.0
0.001068115234375,0,0,0,0,0,0,0.0,0.0,0.0,0.0
0.005281925201416016,0,0,0,0,0,0,0.0,0.0,0.0,0.0
0.005276918411254883,0,0,0,0,0,0,0.0,0.0,0.0,0.0
0.0020961761474609375,501,0,86,0,0,0,0.0,0.0,0.0,0.0
2.288818359375e-05,487,0,0,0,0,0,0.0,0.0,0.0,0.0
6.9141387939453125e-06,330,0,0,0,0,0,0.0,0.0,0.0,0.0
0.0031621456146240234,0,0,0,0,0,0,0.0,0.0,0.0,0.0
0.005347013473510742,0,0,0,0,0,0,0.0,0.0,0.0,0.0
0.0052759647369384766,0,0,0,0,0,0,0.0,0.0,0.0,0.0
0.00420689582824707,501,0,88,0,0,0,0.0,0.0,0.0,0.0
1.4066696166992188e-05,487,0,0,0,0,0,0.0,0.0,0.0,0.0
1.5020370483398438e-05,330,0,0,0,0,0,0.0,0.0,0.0,0.0
0.0010209083557128906,0,0,0,0,0,0,0.0,0.0,0.0,0.0
0.004216194152832031,0,0,0,0,0,0,0.0,0.0,0.0,0.0
0.005264997482299805,0,0,0,0,0,0,0.0,0.0,0.0,0.0
0.003186941146850586,501,0,90,0,0,0,0.0,0.0,0.0,0.0
0.0020918846130371094,0,0,0,0,0,0,0.0,0.0,0.0,0.0
2.2172927856445312e-05,487,0,0,0,0,0,0.0,0.0,0.0,0.0
5.9604644775390625e-06,330,0,0,0,0,0,0.0,0.0,0.0,0.0
0.0052509307861328125,0,0,0,0,0,0,0.0,0.0,0.0,0.0
0.005269050598144531,0,0,0,0,0,0,0.0,0.0,0.0,0.0
0.003162860870361328,501,0,92,0,0,0,0.0,0.0,0.0,0.0
1.2159347534179688e-05,487,0,0,0,0,0,0.0,0.0,0.0,0.0
2.86102294921875e-06,330,0,0,0,0,0,0.0,0.0,0.0,0.0
0.002092123031616211,0,0,0,0,0,0,0.0,0.0,0.0,0.0
0.0052890777587890625,0,0,0,0,0,0,0.0,0.0,0.0,0.0
0.0042209625244140625,0,0,0,0,0,0,0.0,0.0,0.0,0.0
0.005264997482299805,0,0,0,0,0,0,0.0,0.0,0.0,0.0
5.0067901611328125e-06,501,0,94,0,0,0,0.0,0.0,0.0,0.0
1.0013580322265625e-05,487,0,0,0,0,0,0.0,0.0,0.0,0.0
2.86102294921875e-06,330,0,0,0,0,0,0.0,0.0,0.0,0.0
0.005290031433105469,0,0,0,0,0,0,0.0,0.0,0.0,0.0
0.005319118499755859,0,0,0,0,0,0,0.0,0.0,0.0,0.0
0.005261898040771484,501,0,96,0,0,0,0.0,0.0,0.0,0.0
1.2874603271484375e-05,487,0,0,0,0,0,0.0,0.0,0.0,0.0
3.0994415283203125e-06,330,0,0,0,0,0,0.0,0.0,0.0,0.0
6.508827209472656e-05,0,0,0,0,0,0,0.0,0.0,0.0,0.0
0.005304813385009766,0,0,0,0,0,0,0.0,0.0,0.0,0.0
0.00425410270690918,0,0,0,0,0,0,0.0,0.0,0.0,0.0
0.00527501106262207,0,0,0,0,0,0,0.0,0.0,0.0,0.0
0.001981019973754883,501,0,98,0,0,0,0.0,0.0,0.0,0.0
1.0013580322265625e-05,487,0,0,0,0,0,0.0,0.0,0.0,0.0
2.86102294921875e-06,330,0,0,0,0,0,0.0,0.0,0.0,0.0
0.0033721923828125,0,0,0,0,0,0,0.0,0.0,0.0,0.0
0.005300998687744141,0,0,0,0,0,0,0.0,0.0,0.0,0.0
0.005048990249633789,501,0,100,0,0,0,0.0,0.0,0.0,0.0
0.0002338886260986328,0,0,0,0,0,0,0.0,0.0,0.0,0.0
0.0008320808410644531,487,0,0,0,0,0,0.0,0.0,0.0,0.0
0.002112865447998047,330,0,0,0,0,0,0.0,0.0,0.0,0.0
0.0023031234741210938,0,0,0,0,0,0,0.0,0.0,0.0,0.0
0.005326986312866211,0,0,0,0,0,0,0.0,0.0,0.0,0.0
0.004266023635864258,0,0,0,0,0,0,0.0,0.0,0.0,0.0
0.0018050670623779297,501,0,102,0,0,0,0.0,0.0,0.0,0.0
1.4781951904296875e-05,487,0,0,0,0,0,0.0,0.0,0.0,0.0
6.198883056640625e-06,330,0,0,0,0,0,0.0,0.0,0.0,0.0
0.0034568309783935547,0,0,0,0,0,0,0.0,0.0,0.0,0.0
0.005280971527099609,0,0,0,0,0,0,0.0,0.0,0.0,0.0
0.0053272247314453125,0,0,0,0,0,0,0.0,0.0,0.0,0.0
0.0028378963470458984,501,0,104,0,0,0,0.0,0.0,0.0,0.0
0.001074075698852539,487,0,0,0,0,0,0.0,0.0,0.0,0.0
8.821487426757812e-06,330,0,0,0,0,0,0.0,0.0,0.0,0.0
0.001363992691040039,0,0,0,0,0,0,0.0,0.0,0.0,0.0
0.005236148834228516,0,0,0,0,0,0,0.0,0.0,0.0,0.0
0.0042798519134521484,0,0,0,0,0,0,0.0,0.0,0.0,0.0
0.0028841495513916016,501,0,106,0,0,0,0.0,0.0,0.0,0.0
9.059906005859375e-06,487,0,0,0,0,0,0.0,0.0,0.0,0.0
2.86102294921875e-06,330,0,0,0,0,0,0.0,0.0,0.0,0.0
0.002396106719970703,0,0,0,0,0,0,0.0,0.0,0.0,0.0
0.0052928924560546875,0,0,0,0,0,0,0.0,0.0,0.0,0.0
0.00533604621887207,0,0,0,0,0,0,0.0,0.0,0.0,0.0
0.005299091339111328,0,0,0,0,0,0,0.0,0.0,0.0,0.0
0.0006918907165527344,501,0,108,0,0,0,0.0,0.0,0.0,0.0
1.1920928955078125e-05,487,0,0,0,0,0,0.0,0.0,0.0,0.0
5.0067901611328125e-06,330,0,0,0,0,0,0.0,0.0,0.0,0.0
0.003520965576171875,0,0,0,0,0,0,0.0,0.0,0.0,0.0
0.005315065383911133,0,0,0,0,0,0,0.0,0.0,0.0,0.0
0.0038580894470214844,501,0,110,0,0,0,0.0,0.0,0.0,0.0
1.5974044799804688e-05,487,0,0,0,0,0,0.0,0.0,0.0,0.0
2.86102294921875e-06,330,0,0,0,0,0,0.0,0.0,0.0,0.0
0.0014500617980957031,0,0,0,0,0,0,0.0,0.0,0.0,0.0
0.005298137664794922,0,0,0,0,0,0,0.0,0.0,0.0,0.0
0.005291938781738281,0,0,0,0,0,0,0.0,0.0,0.0,0.0
0.005316019058227539,0,0,0,0,0,0,0.0,0.0,0.0,0.0
0.0005660057067871094,501,0,112,0,0,0,0.0,0.0,0.0,0.0
1.2874603271484375e-05,487,0,0,0,0,0,0.0,0.0,0.0,0.0
7.152557373046875e-06,330,0,0,0,0,0,0.0,0.0,0.0,0.0
0.004694938659667969,0,0,0,0,0,0,0.0,0.0,0.0,0.0
0.004224061965942383,0,0,0,0,0,0,0.0,0.0,0.0,0.0
0.004842996597290039,501,0,114,0,0,0,0.0,0.0,0.0,0.0
0.00046181678771972656,0,0,0,0,0,0,0.0,0.0,0.0,0.0
0.0006120204925537109,487,0,0,0,0,0,0.0,0.0,0.0,0.0
4.0531158447265625e-06,330,0,0,0,0,0,0.0,0.0,0.0,0.0
0.0046651363372802734,0,0,0,0,0,0,0.0,0.0,0.0,0.0
0.005284786224365234,0,0,0,0,0,0,0.0,0.0,0.0,0.0
0.005330085754394531,0,0,0,0,0,0,0.0,0.0,0.0,0.0
0.0016350746154785156,501,0,116,0,0,0,0.0,0.0,0.0,0.0
1.5020370483398438e-05,487,0,0,0,0,0,0.0,0.0,0.0,0.0
5.0067901611328125e-06,330,0,0,0,0,0,0.0,0.0,0.0,0.0
0.003634929656982422,0,0,0,0,0,0,0.0,0.0,0.0,0.0
0.004228115081787109,0,0,0,0,0,0,0.0,0.0,0.0,0.0
0.005323886871337891,0,0,0,0,0,0,0.0,0.0,0.0,0.0
0.0027480125427246094,501,0,118,0,0,0,0.0,0.0,0.0,0.0
1.1920928955078125e-05,487,0,0,0,0,0,0.0,0.0,0.0,0.0
3.0994415283203125e-06,330,0,0,0,0,0,0.0,0.0,0.0,0.0
0.002547025680541992,0,0,0,0,0,0,0.0,0.0,0.0,0.0
0.005280971527099609,0,0,0,0,0,0,0.0,0.0,0.0,0.0
0.0053060054779052734,0,0,0,0,0,0,0.0,0.0,0.0,0.0
0.0018849372863769531,501,0,120,0,0,0,0.0,0.0,0.0,0.0
3.600120544433594e-05,487,0,0,0,0,0,0.0,0.0,0.0,0.0
1.0013580322265625e-05,330,0,0,0,0,0,0.0,0.0,0.0,0.0
0.003386974334716797,0,0,0,0,0,0,0.0,0.0,0.0,0.0
0.004240989685058594,0,0,0,0,0,0,0.0,0.0,0.0,0.0
0.005320072174072266,0,0,0,0,0,0,0.0,0.0,0.0,0.0
0.003997087478637695,501,0,122,0,0,0,0.0,0.0,0.0,0.0
3.1948089599609375e-05,487,0,0,0,0,0,0.0,0.0,0.0,0.0
7.867813110351562e-06,330,0,0,0,0,0,0.0,0.0,0.0,0.0
0.0012421607971191406,0,0,0,0,0,0,0.0,0.0,0.0,0.0
0.005280971527099609,0,0,0,0,0,0,0.0,0.0,0.0,0.0
0.005285024642944336,0,0,0,0,0,0,0.0,0.0,0.0,0.0
0.0029969215393066406,501,0,124,0,0,0,0.0,0.0,0.0,0.0
3.1948089599609375e-05,487,0,0,0,0,0,0.0,0.0,0.0,0.0
7.152557373046875e-06,330,0,0,0,0,0,0.0,0.0,0.0,0.0
0.002252817153930664,0,0,0,0,0,0,0.0,0.0,0.0,0.0
0.005290985107421875,0,0,0,0,0,0,0.0,0.0,0.0,0.0
0.004239082336425781,0,0,0,0,0,0,0.0,0.0,0.0,0.0
0.0041120052337646484,501,0,126,0,0,0,0.0,0.0,0.0,0.0
3.790855407714844e-05,487,0,0,0,0,0,0.0,0.0,0.0,0.0
8.106231689453125e-06,330,0,0,0,0,0,0.0,0.0,0.0,0.0
0.0011570453643798828,0,0,0,0,0,0,0.0,0.0,0.0,0.0
0.0052928924560546875,0,0,0,0,0,0,0.0,0.0,0.0,0.0
0.005304098129272461,0,0,0,0,0,0,0.0,0.0,0.0,0.0
0.0052030086517333984,501,0,128,0,0,0,0.0,0.0,0.0,0.0
4.792213439941406e-05,487,0,0,0,0,0,0.0,0.0,0.0,0.0
8.106231689453125e-06,330,0,0,0,0,0,0.0,0.0,0.0,0.0
8.988380432128906e-05,0,0,0,0,0,0,0.0,0.0,0.0,0.0
0.004277944564819336,0,0,0,0,0,0,0.0,0.0,0.0,0.0
0.0052950382232666016,0,0,0,0,0,0,0.0,0.0,0.0,0.0
0.00531315803527832,0,0,0,0,0,0,0.0,0.0,0.0,0.0
0.0009207725524902344,501,0,130,0,0,0,0.0,0.0,0.0,0.0
3.123283386230469e-05,487,0,0,0,0,0,0.0,0.0,0.0,0.0
1.1920928955078125e-05,330,0,0,0,0,0,0.0,0.0,0.0,0.0
0.0043489933013916016,0,0,0,0,0,0,0.0,0.0,0.0,0.0
0.00531005859375,0,0,0,0,0,0,0.0,0.0,0.0,0.0
0.005313873291015625,0,0,0,0,0,0,0.0,0.0,0.0,0.0
0.001062154769897461,501,0,132,0,0,0,0.0,0.0,0.0,0.0
0.0010979175567626953,487,0,0,0,0,0,0.0,0.0,0.0,0.0
1.5020370483398438e-05,330,0,0,0,0,0,0.0,0.0,0.0,0.0
0.0021309852600097656,0,0,0,0,0,0,0.0,0.0,0.0,0.0
0.00530695915222168,0,0,0,0,0,0,0.0,0.0,0.0,0.0
0.005304098129272461,0,0,0,0,0,0,0.0,0.0,0.0,0.0
0.0009717941284179688,501,0,134,0,0,0,0.0,0.0,0.0,0.0
9.059906005859375e-06,487,0,0,0,0,0,0.0,0.0,0.0,0.0
2.1457672119140625e-06,330,0,0,0,0,0,0.0,0.0,0.0,0.0
0.00436091423034668,0,0,0,0,0,0,0.0,0.0,0.0,0.0
0.005312919616699219,0,0,0,0,0,0,0.0,0.0,0.0,0.0
0.0042459964752197266,0,0,0,0,0,0,0.0,0.0,0.0,0.0
0.001940011978149414,501,0,136,0,0,0,0.0,0.0,0.0,0.0
2.002716064453125e-05,487,0,0,0,0,0,0.0,0.0,0.0,0.0
5.0067901611328125e-06,330,0,0,0,0,0,0.0,0.0,0.0,0.0
0.0033490657806396484,0,0,0,0,0,0,0.0,0.0,0.0,0.0
0.005331993103027344,0,0,0,0,0,0,0.0,0.0,0.0,0.0
0.005308866500854492,0,0,0,0,0,0,0.0,0.0,0.0,0.0
0.0029480457305908203,501,0,138,0,0,0,0.0,0.0,0.0,0.0
1.71661376953125e-05,487,0,0,0,0,0,0.0,0.0,0.0,0.0
3.814697265625e-06,330,0,0,0,0,0,0.0,0.0,0.0,0.0
0.0023300647735595703,0,0,0,0,0,0,0.0,0.0,0.0,0.0
0.005352973937988281,0,0,0,0,0,0,0.0,0.0,0.0,0.0
0.004225015640258789,0,0,0,0,0,0,0.0,0.0,0.0,0.0
0.0029299259185791016,501,0,140,0,0,0,0.0,0.0,0.0,0.0
1.811981201171875e-05,487,0,0,0,0,0,0.0,0.0,0.0,0.0
5.9604644775390625e-06,330,0,0,0,0,0,0.0,0.0,0.0,0.0
0.0023260116577148438,0,0,0,0,0,0,0.0,0.0,0.0,0.0
0.005342006683349609,0,0,0,0,0,0,0.0,0.0,0.0,0.0
0.005307912826538086,0,0,0,0,0,0,0.0,0.0,0.0,0.0
0.0050580501556396484,501,0,142,0,0,0,0.0,0.0,0.0,0.0
1.9073486328125e-05,487,0,0,0,0,0,0.0,0.0,0.0,0.0
5.0067901611328125e-06,330,0,0,0,0,0,0.0,0.0,0.0,0.0
0.0002338886260986328,0,0,0,0,0,0,0.0,0.0,0.0,0.0
0.0053310394287109375,0,0,0,0,0,0,0.0,0.0,0.0,0.0
0.004238128662109375,0,0,0,0,0,0,0.0,0.0,0.0,0.0
0.003942966461181641,501,0,144,0,0,0,0.0,0.0,0.0,0.0
3.3855438232421875e-05,487,0,0,0,0,0,0.0,0.0,0.0,0.0
1.0967254638671875e-05,330,0,0,0,0,0,0.0,0.0,0.0,0.0
0.0013070106506347656,0,0,0,0,0,0,0.0,0.0,0.0,0.0
0.005347013473510742,0,0,0,0,0,0,0.0,0.0,0.0,0.0
0.0053730010986328125,0,0,0,0,0,0,0.0,0.0,0.0,0.0
0.0053119659423828125,0,0,0,0,0,0,0.0,0.0,0.0,0.0
0.0007050037384033203,501,0,146,0,0,0,0.0,0.0,0.0,0.0
1.811981201171875e-05,487,0,0,0,0,0,0.0,0.0,0.0,0.0
5.9604644775390625e-06,330,0,0,0,0,0,0.0,0.0,0.0,0.0
0.0035240650177001953,0,0,0,0,0,0,0.0,0.0,0.0,0.0
0.005300998687744141,0,0,0,0,0,0,0.0,0.0,0.0,0.0
0.005255937576293945,0,0,0,0,0,0,0.0,0.0,0.0,0.0
0.00177001953125,501,0,148,0,0,0,0.0,0.0,0.0,0.0
1.5020370483398438e-05,487,0,0,0,0,0,0.0,0.0,0.0,0.0
1.1920928955078125e-05,330,0,0,0,0,0,0.0,0.0,0.0,0.0
0.003515958786010742,0,0,0,0,0,0,0.0,0.0,0.0,0.0
0.005329132080078125,0,0,0,0,0,0,0.0,0.0,0.0,0.0
0.0049419403076171875,501,0,150,0,0,0,0.0,0.0,0.0,0.0
1.4066696166992188e-05,487,0,0,0,0,0,0.0,0.0,0.0,0.0
0.0003619194030761719,0,0,0,0,0,0,0.0,0.0,0.0,0.0
0.0006971359252929688,330,0,0,0,0,0,0.0,0.0,0.0,0.0
5.9604644775390625e-06,401,8,0,0,0,0,4.0,0.0,0.0,0.0
2.86102294921875e-06,777,0,140,0,0,0,0.0,0.0,0.0,0.0
0.0035271644592285156,0,0,0,0,0,0,0.0,0.0,0.0,0.0
0.005343914031982422,0,0,0,0,0,0,0.0,0.0,0.0,0.0
0.0053479671478271484,0,0,0,0,0,0,0.0,0.0,0.0,0.0
0.0027191638946533203,501,0,152,0,0,0,0.0,0.0,0.0,0.0
1.5974044799804688e-05,487,0,0,0,0,0,0.0,0.0,0.0,0.0
8.821487426757812e-06,330,0,0,0,0,0,0.0,0.0,0.0,0.0
0.0025420188903808594,0,0,0,0,0,0,0.0,0.0,0.0,0.0
0.005328178405761719,0,0,0,0,0,0,0.0,0.0,0.0,0.0
0.004297971725463867,0,0,0,0,0,0,0.0,0.0,0.0,0.0
0.0015690326690673828,501,0,154,0,0,0,0.0,0.0,0.0,0.0
1.0967254638671875e-05,487,0,0,0,0,0,0.0,0.0,0.0,0.0
5.0067901611328125e-06,330,0,0,0,0,0,0.0,0.0,0.0,0.0
3.814697265625e-06,401,8,0,0,0,0,4.0,0.0,0.0,0.0
4.0531158447265625e-06,777,0,205,0,0,0,0.0,0.0,0.0,0.0
0.0036971569061279297,0,0,0,0,0,0,0.0,0.0,0.0,0.0
0.005282878875732422,0,0,0,0,0,0,0.0,0.0,0.0,0.0
0.005366086959838867,0,0,0,0,0,0,0.0,0.0,0.0,0.0
0.0036509037017822266,501,0,156,0,0,0,0.0,0.0,0.0,0.0
1.5020370483398438e-05,487,0,0,0,0,0,0.0,0.0,0.0,0.0
3.0994415283203125e-06,330,0,0,0,0,0,0.0,0.0,0.0,0.0
0.0016589164733886719,0,0,0,0,0,0,0.0,0.0,0.0,0.0
0.005300998687744141,0,0,0,0,0,0,0.0,0.0,0.0,0.0
0.0042340755462646484,0,0,0,0,0,0,0.0,0.0,0.0,0.0
0.002521991729736328,501,0,158,0,0,0,0.0,0.0,0.0,0.0
1.3828277587890625e-05,487,0,0,0,0,0,0.0,0.0,0.0,0.0
4.0531158447265625e-06,330,0,0,0,0,0,0.0,0.0,0.0,0.0
0.002732992172241211,0,0,0,0,0,0,0.0,0.0,0.0,0.0
0.005285978317260742,0,0,0,0,0,0,0.0,0.0,0.0,0.0
0.005326032638549805,0,0,0,0,0,0,0.0,0.0,0.0,0.0
0.005315065383911133,0,0,0,0,0,0,0.0,0.0,0.0,0.0
0.0003008842468261719,501,0,160,0,0,0,0.0,0.0,0.0,0.0
7.152557373046875e-06,487,0,0,0,0,0,0.0,0.0,0.0,0.0
2.86102294921875e-06,330,0,0,0,0,0,0.0,0.0,0.0,0.0
3.0994415283203125e-06,401,8,0,0,0,0,4.0,0.0,0.0,0.0
1.9073486328125e-06,777,1,94,0,0,0,0.0,0.0,0.0,0.0
0.004975080490112305,0,0,0,0,0,0,0.0,0.0,0.0,0.0
0.004240989685058594,0,0,0,0,0,0,0.0,0.0,0.0,0.0
0.003448009490966797,501,0,162,0,0,0,0.0,0.0,0.0,0.0
1.0013580322265625e-05,487,0,0,0,0,0,0.0,0.0,0.0,0.0
2.86102294921875e-06,330,0,0,0,0,0,0.0,0.0,0.0,0.0
0.0018382072448730469,0,0,0,0,0,0,0.0,0.0,0.0,0.0
0.005262851715087891,0,0,0,0,0,0,0.0,0.0,0.0,0.0
0.005294084548950195,0,0,0,0,0,0,0.0,0.0,0.0,0.0
0.003506898880004883,501,0,164,0,0,0,0.0,0.0,0.0,0.0
4.1961669921875e-05,487,0,0,0,0,0,0.0,0.0,0.0,0.0
0.0011470317840576172,330,0,0,0,0,0,0.0,0.0,0.0,0.0
1.0013580322265625e-05,401,8,0,0,0,0,4.0,0.0,0.0,0.0
3.0994415283203125e-06,777,1,149,0,0,0,0.0,0.0,0.0,0.0
0.0005979537963867188,0,0,0,0,0,0,0.0,0.0,0.0,0.0
0.0052831172943115234,0,0,0,0,0,0,0.0,0.0,0.0,0.0
0.004228830337524414,0,0,0,0,0,0,0.0,0.0,0.0,0.0
0.005355119705200195,0,0,0,0,0,0,0.0,0.0,0.0,0.0
0.001692056655883789,501,0,166,0,0,0,0.0,0.0,0.0,0.0
1.0967254638671875e-05,487,0,0,0,0,0,0.0,0.0,0.0,0.0
5.0067901611328125e-06,330,0,0,0,0,0,0.0,0.0,0.0,0.0
0.0036149024963378906,0,0,0,0,0,0,0.0,0.0,0.0,0.0
0.00528407096862793,0,0,0,0,0,0,0.0,0.0,0.0,0.0
0.004847049713134766,501,0,168,0,0,0,0.0,0.0,0.0,0.0
3.0994415283203125e-05,487,0,0,0,0,0,0.0,0.0,0.0,0.0
7.867813110351562e-06,330,0,0,0,0,0,0.0,0.0,0.0,0.0
0.0004220008850097656,0,0,0,0,0,0,0.0,0.0,0.0,0.0
0.005288124084472656,0,0,0,0,0,0,0.0,0.0,0.0,0.0
0.005284786224365234,0,0,0,0,0,0,0.0,0.0,0.0,0.0
0.004233121871948242,0,0,0,0,0,0,0.0,0.0,0.0,0.0
0.003793001174926758,501,0,170,0,0,0,0.0,0.0,0.0,0.0
2.09808349609375e-05,487,0,0,0,0,0,0.0,0.0,0.0,0.0
